-- MySQL dump 10.9
--
-- Host: localhost    Database: prof_notes_2006_2007
-- ------------------------------------------------------
-- Server version	4.1.11-Debian_4sarge7-log

/*!40101 SET @OLD_CHARACTER_SET_CLIENT=@@CHARACTER_SET_CLIENT */;
/*!40101 SET @OLD_CHARACTER_SET_RESULTS=@@CHARACTER_SET_RESULTS */;
/*!40101 SET @OLD_COLLATION_CONNECTION=@@COLLATION_CONNECTION */;
/*!40101 SET NAMES utf8 */;
/*!40014 SET @OLD_UNIQUE_CHECKS=@@UNIQUE_CHECKS, UNIQUE_CHECKS=0 */;
/*!40014 SET @OLD_FOREIGN_KEY_CHECKS=@@FOREIGN_KEY_CHECKS, FOREIGN_KEY_CHECKS=0 */;
/*!40101 SET @OLD_SQL_MODE=@@SQL_MODE, SQL_MODE='NO_AUTO_VALUE_ON_ZERO' */;
/*!40111 SET @OLD_SQL_NOTES=@@SQL_NOTES, SQL_NOTES=0 */;

--
-- Table structure for table `CLASSE`
--

DROP TABLE IF EXISTS `CLASSE`;
CREATE TABLE `CLASSE` (
  `id_classe` int(2) NOT NULL auto_increment,
  `nom_classe` char(3) NOT NULL default '',
  `id_pp` int(2) NOT NULL default '0',
  PRIMARY KEY  (`id_classe`),
  KEY `fkPP` (`id_pp`)
) ENGINE=MyISAM DEFAULT CHARSET=latin1;

--
-- Dumping data for table `CLASSE`
--


/*!40000 ALTER TABLE `CLASSE` DISABLE KEYS */;
LOCK TABLES `CLASSE` WRITE;
INSERT INTO `CLASSE` VALUES (1,'TES',10),(2,'TSA',5),(3,'TSB',6),(4,'TL2',7),(5,'TS1',19),(6,'TS2',19),(7,'1ES',22),(8,'1SA',17),(9,'1SB',12),(10,'1L2',78),(11,'1S1',78),(12,'1S2',78),(13,'2A',16),(14,'2B',18),(15,'2C',111),(16,'2L',8),(17,'2S',8);
UNLOCK TABLES;
/*!40000 ALTER TABLE `CLASSE` ENABLE KEYS */;

--
-- Table structure for table `ELEVE`
--

DROP TABLE IF EXISTS `ELEVE`;
CREATE TABLE `ELEVE` (
  `id_eleve` int(2) NOT NULL auto_increment,
  `nom_eleve` varchar(20) NOT NULL default '',
  `prenom_eleve` varchar(20) NOT NULL default '',
  `id_classe` int(2) NOT NULL default '0',
  PRIMARY KEY  (`id_eleve`),
  KEY `fkCLASSE` (`id_classe`)
) ENGINE=MyISAM DEFAULT CHARSET=latin1 PACK_KEYS=0 DELAY_KEY_WRITE=1;

--
-- Dumping data for table `ELEVE`
--


/*!40000 ALTER TABLE `ELEVE` DISABLE KEYS */;
LOCK TABLES `ELEVE` WRITE;
INSERT INTO `ELEVE` VALUES (1,'ABOUSALEH','MOHAMED',1),(2,'ADJOUA','LENA ANDREA',1),(3,'AHNE','HABY BATH',1),(4,'ASSI','SORAYA',1),(5,'BADREDINE','FATIMA',1),(6,'FALL','MARIAM',1),(7,'GEBARA','MOHAMED',1),(8,'GOMIS','GAELLE AMINATA',1),(9,'HANNOUCHE','SOUAD',1),(10,'KANE','IBRAHIMA',1),(11,'KHALIL','RANIA',1),(12,'LOPES','MARIE PIERRE ABSA',1),(13,'MBENGUE','BAYE MOHAMED',1),(14,'MBOUP','COUMBA ARENE',1),(15,'MOURAD','CHAIMA',1),(16,'NDIAYE','MAME ISSEU DIOR',1),(17,'NEHME','CHERINE',1),(18,'PIRES DIAS','NELLY',1),(19,'POPULO','LYDIA',1),(20,'POUYE','NDEYE NDIEME',1),(21,'SAAD','SAMAR',1),(22,'SAGNA','JEAN YVES NICOLAS',1),(23,'SARR','PAUL PIERRE',1),(24,'WEHBE','NEIF CHRISTOPHE',1),(25,'AMRANI HANCHI','SOUKAINA',2),(26,'ARDEKANI-DJONEIDI','NIKA',2),(27,'ATTYE','SAMIR',2),(28,'BAALBAKI','JOHANA HAOUI',2),(29,'DALUZ','LAURENT KEVIN',2),(30,'DEBOES','CHANELLE',2),(31,'DOURERADJAM','RAMON K. JULIEN',2),(32,'FATTAH','MOHAMED',2),(33,'GAFARI','HELENE',2),(34,'GHASSANI','ISSA',2),(35,'GHOZAYEL','JOANNA',2),(36,'ISSA','IBRAHIM',2),(37,'JABER','RACHA',2),(38,'KA','DJIBLIL CHIMERE',2),(39,'KALACH','MOHAMED',2),(40,'KAMARA','KHADIJATOU',2),(41,'LAYOUSSE','CHARBEL',2),(42,'MATTA','JEAN',2),(43,'NDAO','MAMADOU',2),(44,'NEMER','RAYAN',2),(45,'NIANG','NDEYE NGONE',2),(46,'RAD','KRYSTELE',2),(47,'SAHELI','AMAR ESTHER',2),(48,'SALMAN','RYAN',2),(49,'SALLOUM','REMY',2),(50,'SOW','CHEIKH TIDIANE',2),(51,'YOUSSEF','JAMILE',2),(52,'ADOU','SEMARIA JESSICA',3),(53,'ALI YAHIA','SARAH',3),(54,'DAW','RACHEL',3),(55,'DIAGNE','NDEYE FATOU',3),(56,'DIAGNE','PAPA OUSMANE',3),(57,'DIAITE','CORINE',3),(58,'FAUGER','MAISSA HAMIDOU',3),(59,'FILFILI','FOUAD',3),(60,'GOMEZ','CELIA CORALIE',3),(61,'HAIDAR','REDA',3),(62,'HALAOUI','RIWANE',3),(63,'HASSAN','WALID',3),(64,'HIE','SIRY ARNAUD BILICOL',3),(65,'KA','DIOUMEL',3),(66,'KANE','AWA',3),(67,'KONE','DONECI',3),(68,'LAYOUSSE','JOSEPH',3),(69,'MBAYE','CHEIKH ANTA',3),(70,'NDIAYE','ALASSANE',3),(71,'NEHME','MOHAMED',3),(72,'SAHELI','YOUSSEF',3),(73,'SECK','AMINATA DIOR',3),(74,'SOUMARE','ASTA BANTJI',3),(75,'SY','KHALIFA ABABACAR',3),(76,'YOUNES','HUSSEIN',3),(77,'BALDE','OUMOU',4),(78,'BASSENE','PETRONIC AGAICHA',4),(79,'CISSOKO','BAIDALAYE',4),(80,'DIOP','MARIEME FATOU',4),(81,'DIAKHATE','FATOUMATA',4),(82,'LAKHDAR','RANIA',4),(83,'NDIAYE','DIEYNABA',4),(84,'NDIAYE','RAMATOULAYE',4),(85,'SENE','MOUHAMADOU',4),(86,'SY','EL HADJ ABDOU AZIIZ',4),(87,'WAYZANI','LAYAL',4),(88,'DIA','ABDOULAYE',5),(89,'DIOP','MOHAMED LAMINE',5),(90,'NDIAYE','MARIE STELLA C. C.',5),(91,'SY','BIRAME ALDIOUMA',5),(92,'BADAOUI','ZAHRAA',6),(93,'DIENG','MARIAMA',6),(94,'DIOP','HASSIM BACHIR',6),(95,'DIOP','PAPE MOCTAR',6),(96,'FALL','CHEIKH A. B',6),(97,'HABIB','EMILIE ELISABETH',6),(98,'NASSAR','HEYSSAM',6),(99,'NDIONE','JULIE LEA',6),(100,'NIANG','ALIMATOU YVONNE',6),(101,'NIANG','IBRAHIM',6),(102,'SAR','ANTA',6),(103,'SOW','MAODO MALICK',6),(104,'ABDALLAH','MARWA',7),(105,'AYAD','ZOHRA',7),(106,'AYOUB BAALBAKI','CHARIFA',7),(107,'BALESDENS','CHARLOTTE',7),(108,'BASMA','LOUWANA',7),(109,'BOURGI','SANDRA',7),(110,'DAHROUGE','RAISSA RANNDA',7),(111,'DAW','AMANDA',7),(112,'GNASSOU','AUDE NATACHA',7),(113,'ESHOUR','ZEINA',7),(114,'FARHAT','KARINA',7),(115,'FILFILI','SAMI',7),(116,'HAWILI','NOUR',7),(117,'KAWAR','RAYSSA',7),(118,'KHADRA','FADI',7),(119,'LANGLOIS','JULIE',7),(120,'LOFF FERNANDES','MARIE TESSY',7),(121,'MAHTOUB','MIRNA',7),(122,'MARNAS','CHLOE CAROLINE',7),(123,'NDIAYE','BENJAMIN',7),(124,'NEMER','STEPHANE',7),(125,'OMAIS','NABIL',7),(126,'RANDRIANASOLO','ANDY MICHAEL',7),(127,'SY','NDATE BAPTISTE',7),(128,'THIAW','NDEYE CATHY',7),(129,'THOUMAS','ANDREA',7),(130,'VIERA','CECILE YVETTE LYDIA',7),(131,'ABOUSALEH','MAYA',8),(132,'AJAMI','MEHDI',8),(133,'ANDRIANOMEARISOA','LISA CAROLINECLAIRE',8),(134,'ANDRIANOMEARISOA','LUC PHILIPPE PITER',8),(135,'BAZZOUNY','WASSIM',8),(136,'BITTAR','FREDERIC',8),(137,'CHOUCAIR','LEA',8),(138,'DAKHLALLAH','ALI',8),(139,'DIALLO','ANTA COMBA',8),(140,'DIOP','MAEVA ANTA',8),(141,'FARHAT','LOUANA',8),(142,'HAKIM','HANADI',8),(143,'HEDROJ','ALI',8),(144,'LAFOIX','FRANCOIS-XAVIER',8),(145,'SAHELI','AMINA',8),(146,'TALL','PAPE SALIOU',8),(147,'TARRAF-KOUJOCK','HUSSEIN SAID SEBASTI',8),(148,'ULLIANA','AURELIEN',8),(149,'AYOUB','ZEYNAB',9),(150,'BADREDINE','HUSSEIN',9),(151,'DIAGNE','MOHAMED EL MOCTAR',9),(152,'DIALLO','MOHAMED',9),(153,'DIAW','DIADAME JOCELYNE',9),(154,'EZZEDINE','RIMA',9),(155,'FILFILI','RAMI',9),(156,'FOLY-TOULON','EDSON PAUL M. E',9),(157,'HAWILI','SHIRINE',9),(158,'PINA','ADRIEN',9),(159,'SALLOUM','STEPHANE JOEL',9),(160,'SANTOS','ARISTIDE M. A.',9),(161,'SERIFOU','ROCKIA',9),(162,'SEYE','MEDOUNE B, THOMAS',9),(163,'SOUMARE','MOUHAMED HAMOU',9),(164,'SECK','ZEYNABOU',9),(165,'WIZANI','MIRNA',9),(166,'YASSINE','WASSIM',9),(167,'BA','COUMBA',10),(168,'CHAOUCHAR','ALIA',10),(169,'COLY','NANCY DANY',10),(170,'FALL','THIENDELLA NGUENAR',10),(171,'GAYE','IBRAHIMA WALY RENE',10),(172,'GAYE','MARIE YVONNE',10),(173,'KONE','CYRIL FANGA-TOUGA',10),(174,'NDAO','MAIMOUNA',10),(175,'NDIAYE','MOUHAMADOU M.',10),(176,'NDOYE','PAPE MAMADOU',10),(177,'NGOM','SODA MARIEME',10),(178,'SOW','AISSE LALLAH AICHA',10),(179,'SY','AMINATA GUENA',10),(180,'TOURE','ELIMANE IBRAHIM',10),(181,'TOURE','LALLA AICHA A. M.',10),(182,'BA','MAME BETTY',11),(183,'COLY','AMIDOU DAGNIL',11),(184,'DIOUF','DIOLY',11),(185,'DIOUF','EL HADJI SOCE',11),(186,'KANE','DIEYNABA SALA TAMARA',11),(187,'KOFFI','NATEH KPEDRO LOINEL',11),(188,'SECK','SEYIDOUNA OMAR',11),(189,'DAHER','ALY',12),(190,'DIATTA','DIADIA ELISABETH ALA',12),(191,'DIOP','CHEIKH',12),(192,'GUEYE','AWA',12),(193,'MBENGUE','CHEIKH AHMADOU BAMBA',12),(194,'OYOUBA M. O','JUVELLE MATHURINE',12),(195,'SALL','FATIMATOU',12),(196,'SOW','HABY',12),(197,'YACOUB','ANTOINE',12),(198,'ASSI','GHAZI',13),(199,'ATTYE','FADI',13),(200,'AYAD','MOHAMAD',13),(201,'BARRY','ALYSSA KHADIDIATOU',13),(202,'BONI','CHRISTIANE',13),(203,'DIAGNE','MARIEME SYLLA',13),(204,'DIALLO','AMADOU OUMAR',13),(205,'DIOUF','ISMAILA',13),(206,'EL FARRANE','KLARA MARIE',13),(207,'FALL','KHADIDIATOU',13),(208,'GAYE','OULIMATA',13),(209,'GHANDOUR','NEIFE',13),(210,'HAKIM','HASSAN DANIEL',13),(211,'HARATI','CINDY',13),(212,'HELLAL','ANAIS',13),(213,'KHALAF','FARAH',13),(214,'LATH','MARIE ANGELE',13),(215,'MBODJI','YERIM',13),(216,'MERRE','FLORIAN CLAUDE',13),(217,'NDIAYE','AWA',13),(218,'NEHME','SABRINA',13),(219,'OUIS','ADLANE CHAZIL',13),(220,'RICOU','JOSEPHA VENISE',13),(221,'SAHELI','FADEL',13),(222,'SALL','PENDA SOLENE',13),(223,'SEGUY','LOUIS MARIE JAMES',13),(224,'SOUFANE','HASSAN',13),(225,'TAGEDDINE','NADINE',13),(226,'TALL','ABY MBAYE',13),(227,'TOURE','KHOUDIA YATMA',13),(228,'WAYZANI','DAMIR',13),(229,'WIZANI','RAMI',13),(230,'ABOU-KHALIL','JOHANA',14),(231,'ATTYE','MIRVATE',14),(232,'AYOUB','ZAHRA',14),(233,'BASMA','SALHA',14),(234,'BAYLE','LUCAS',14),(235,'BOISSELET','SOPHIE',14),(236,'CASTANO','MARINE',14),(237,'CHOKOR','SAMER',14),(238,'COLLIN','SYLVIE MARIE NDELLA',14),(239,'DIARRA','REYANE',14),(240,'EL SAYEGH','LARA',14),(241,'EZZEDINE','RADWANE',14),(242,'GBAGUIDI','ARNAUD MEDE TONDJI',14),(243,'GHADBOUNE','ZEINA',14),(244,'GUEYE','AMINA FALY',14),(245,'HACHEM','ALI',14),(246,'HAJAALI','SADRY',14),(247,'HOBALLAH','NADER',14),(248,'JABER','MIRNA',14),(249,'JOHER','SALIM',14),(250,'KIBBE','SARAH',14),(251,'KONDE','CECILE',14),(252,'LANNOY','ANTOINE INSA DAVID',14),(253,'LEMASLE','GUILLAUME',14),(254,'MATOKO','GUILLABERT E. FABIEN',14),(255,'MBENGUE','BABACAR J.',14),(256,'MENRATH','ADRIEN',14),(257,'NDIAYE','KHADIDIATOU',14),(258,'OUIS','LINA CHAHINEZ',14),(259,'PONSARD','ADRIEN JOSEPH',14),(260,'SALAME','ALY',14),(261,'SARR','ALPHONSE NDEME',14),(262,'SECK','MERRY ANN ANITA',14),(263,'SIDANI','ALI',14),(264,'SOW','NAOMI JIHANE',14),(265,'TOULLEC','LUDIVINE JOHANNA',14),(266,'YOUSSEF','MAHDI',14),(267,'ATTIE','RACHEL',15),(268,'AYAD','MEHDI',15),(269,'BA','SALLA TAMARA NALLA',15),(270,'BADREDINE','MOHAMED',15),(271,'CISSE','REINE RAYMONDE',15),(272,'DEMBELE','JULES',15),(273,'DIDI','AWADA DAVID',15),(274,'DIENG','MASSAMBA ETIENNE',15),(275,'DIOUF','RAMATOULAYE LOUISE',15),(276,'EZZEDINE','MOHAMED',15),(277,'GEBARA','ISSA',15),(278,'GHASSANI','HANADI',15),(279,'HAKIM','SARAH',15),(280,'HOBALLAH','CHERINE',15),(281,'HUSEINI','ABDEL KARIM',15),(282,'JABER','CHERINE',15),(283,'JOUBAILY','ZEINA',15),(284,'KHADRA','HUSSEIN',15),(285,'KHOCHMAN','RYAN',15),(286,'LAKHDAR','MOHAMED ANIS',15),(287,'LOPES','AIDA MICHELLE',15),(288,'MBODJI','MAME AWA',15),(289,'MONTEIRO','ORNELLA',15),(290,'NAFFAH','MARIE JOSEPHINE',15),(291,'NDIAYE','ANTOINE M. J. S.',15),(292,'NDIAYE','KHADIJA ZEINAB',15),(293,'SALMAN','SARAH',15),(294,'SANE','ABIBATOU MARELA',15),(295,'SONKO','AISSATOU DIALLO',15),(296,'WAZNI','ALY FADEL',15),(297,'WEHBE','ROXANE SOUAD MARIE',15),(298,'YACTINE','HASSAN DANIEL',15),(299,'YASSINE','HUSSEIN JUNIOR',15),(300,'YONIS','FARIS LAURENT',15),(301,'DIACK','FANTA FATIMA',16),(302,'DIAGNE','FATOU BINTOU',16),(303,'DIENE','SAÏNABOU THIEME',16),(304,'DIOP','NDEYE BINTA',16),(305,'FOFANA','LALA AÏCHA',16),(306,'GUEYE','DONA AICHA NDICKOU',16),(307,'SAMB','MAIMOUNA',16),(308,'AKOTO-YAO','KEVIN',17),(309,'BA','NDEYE MADJIGUENE',17),(310,'BOLSANE','PAUL ISSA MARTIAL',17),(311,'DIALLO','EL HADJI ABDOULAYE',17),(312,'DIALLO','IBRAHIMA',17),(313,'DIEGUIMDE','ROSEMONDE JANIE',17),(314,'DIOP','NDEYE MARIAMA',17),(315,'DIOP','MAME KHOUDIA',17),(316,'DIOP','PIERRE THIALAW',17),(317,'DIOUF','MAME AWA FLORENCE',17),(318,'FENAICHE','KARINA',17),(319,'FARHAT','ALI',17),(320,'ISSA','CHARBEL',17),(321,'LO','OLD AHMADOU',17),(322,'MBOUP','MAGUETTE',17),(323,'NDIAYE','AMADOU LAMINE',17),(324,'NDIAYE','NDEYE FAMA MODY',17),(325,'NDOUR','MAMADOU LAMINE',17),(326,'SAKHO','AMSATOU DIOUF',17),(327,'SANKE','KHADIM',17),(328,'SANKE','MOHAMED',17),(329,'SOW','FATIMA',17),(330,'THIAM','ANNA',17);
UNLOCK TABLES;
/*!40000 ALTER TABLE `ELEVE` ENABLE KEYS */;

--
-- Table structure for table `ENSEIGNE`
--

DROP TABLE IF EXISTS `ENSEIGNE`;
CREATE TABLE `ENSEIGNE` (
  `id_professeur` int(2) NOT NULL default '0',
  `id_classe` int(2) NOT NULL default '0',
  `id_matiere` int(2) NOT NULL default '0',
  PRIMARY KEY  (`id_professeur`,`id_classe`,`id_matiere`),
  KEY `fkCLASSE` (`id_classe`),
  KEY `fkMATIERE` (`id_matiere`)
) ENGINE=MyISAM DEFAULT CHARSET=latin1 PACK_KEYS=0 DELAY_KEY_WRITE=1;

--
-- Dumping data for table `ENSEIGNE`
--


/*!40000 ALTER TABLE `ENSEIGNE` DISABLE KEYS */;
LOCK TABLES `ENSEIGNE` WRITE;
INSERT INTO `ENSEIGNE` VALUES (5,1,2),(5,2,16),(6,3,2),(6,7,2),(7,10,23),(7,14,23),(7,15,23),(7,16,23),(8,5,5),(8,6,5),(8,11,5),(8,12,5),(8,16,5),(8,17,5),(10,1,15),(10,2,15),(10,3,15),(10,13,15),(12,3,5),(12,9,5),(12,9,34),(16,9,2),(16,13,2),(16,15,2),(17,1,8),(17,8,8),(17,9,8),(18,8,2),(18,8,34),(18,14,2),(19,5,2),(19,6,2),(19,11,2),(19,12,2),(19,17,2),(20,7,1),(20,8,1),(22,2,4),(22,7,4),(22,8,4),(22,8,34),(23,16,1),(23,17,1),(24,4,15),(24,5,15),(24,6,15),(24,15,15),(26,5,4),(26,14,4),(26,15,4),(28,9,1),(29,2,5),(36,14,3),(64,1,7),(64,2,7),(64,3,7),(64,4,7),(64,7,7),(64,8,7),(64,9,7),(64,10,7),(64,11,7),(64,12,7),(64,13,7),(64,14,7),(64,15,7),(64,16,7),(64,17,7),(67,16,14),(67,17,14),(68,1,12),(68,2,12),(68,3,12),(68,4,12),(68,5,12),(68,6,12),(68,7,12),(68,8,12),(68,9,12),(68,10,12),(68,11,12),(68,12,12),(68,13,12),(68,14,12),(68,15,12),(68,16,12),(68,17,12),(69,1,12),(69,2,12),(69,3,12),(69,4,12),(69,5,12),(69,6,12),(69,7,12),(69,8,12),(69,9,12),(69,10,12),(69,11,12),(69,12,12),(69,13,12),(69,14,12),(69,14,14),(69,15,12),(69,15,14),(69,16,12),(69,17,12),(70,1,12),(70,2,12),(70,3,12),(70,4,12),(70,5,12),(70,6,12),(70,7,12),(70,8,12),(70,9,12),(70,10,12),(70,11,12),(70,12,12),(70,13,12),(70,14,12),(70,15,12),(70,16,12),(70,17,12),(71,1,12),(71,2,12),(71,3,12),(71,4,12),(71,5,12),(71,6,12),(71,7,12),(71,8,12),(71,9,12),(71,10,12),(71,11,12),(71,12,12),(71,13,12),(71,14,12),(71,15,12),(71,16,12),(71,17,12),(72,14,13),(73,1,14),(73,2,14),(73,3,14),(73,7,10),(73,8,10),(73,9,10),(73,10,10),(73,14,14),(74,1,17),(74,2,17),(74,3,17),(74,4,17),(75,3,4),(75,9,4),(75,13,4),(76,1,13),(76,7,13),(77,4,8),(77,5,8),(77,6,8),(77,10,8),(77,11,8),(77,12,8),(77,13,8),(77,13,27),(77,16,8),(77,17,8),(78,1,10),(78,2,10),(78,3,10),(78,4,1),(78,4,10),(78,5,1),(78,5,10),(78,6,1),(78,6,10),(78,10,1),(78,11,1),(78,12,1),(78,13,10),(78,15,10),(79,10,4),(79,12,4),(80,6,4),(80,11,4),(81,1,9),(81,2,9),(81,3,9),(81,4,9),(81,7,9),(81,8,9),(81,9,9),(81,10,9),(81,11,9),(81,12,9),(81,13,9),(81,14,9),(81,15,9),(82,3,13),(82,9,13),(82,13,13),(85,1,23),(85,7,23),(85,7,34),(85,13,23),(87,4,13),(87,10,13),(87,11,13),(87,12,13),(87,16,13),(87,17,13),(88,16,15),(88,17,15),(89,13,1),(91,15,1),(95,3,8),(95,7,8),(96,7,10),(96,8,10),(96,9,10),(96,10,10),(96,11,10),(96,12,10),(96,13,14),(97,14,1),(98,13,5),(98,14,5),(103,10,15),(103,11,15),(103,12,15),(103,14,15),(109,4,14),(109,5,14),(109,5,17),(109,6,14),(109,6,17),(109,7,14),(109,8,14),(109,9,14),(109,10,14),(109,11,14),(109,12,14),(109,14,10),(110,4,4),(111,2,8),(111,14,8),(111,15,8),(112,2,13),(112,8,13),(112,15,13),(113,8,5),(113,8,34),(113,15,5),(114,4,2),(114,10,2),(115,7,15),(115,7,33),(115,8,15);
UNLOCK TABLES;
/*!40000 ALTER TABLE `ENSEIGNE` ENABLE KEYS */;

--
-- Table structure for table `MATIERE`
--

DROP TABLE IF EXISTS `MATIERE`;
CREATE TABLE `MATIERE` (
  `id_matiere` int(2) NOT NULL auto_increment,
  `nom_matiere` varchar(20) NOT NULL default '',
  PRIMARY KEY  (`id_matiere`)
) ENGINE=MyISAM DEFAULT CHARSET=latin1;

--
-- Dumping data for table `MATIERE`
--


/*!40000 ALTER TABLE `MATIERE` DISABLE KEYS */;
LOCK TABLES `MATIERE` WRITE;
INSERT INTO `MATIERE` VALUES (1,'Francais'),(2,'Mathematiques'),(3,'Informatique'),(4,'SVT'),(5,'Physique-Chimie'),(23,'Sciences Eco'),(7,'Allemand'),(8,'Anglais'),(9,'Arabe'),(10,'Catechese'),(11,'ECJS'),(12,'EPS'),(13,'Espagnol'),(14,'Ethique'),(15,'Histoire-Geo'),(16,'Mathematiques'),(17,'Philosophie'),(18,'Spe Math'),(19,'Spe Physique'),(20,'Spe SVT'),(22,'Heure de vie'),(24,'Sciences Eco'),(25,'Spe Anglais'),(26,'Spe SES'),(27,'Anglais renforce'),(28,'Module Anglais'),(29,'Module Francais'),(30,'Module HG'),(31,'Module Maths'),(32,'Soutien Francais'),(33,'Soutien Maths'),(34,'TPE');
UNLOCK TABLES;
/*!40000 ALTER TABLE `MATIERE` ENABLE KEYS */;

--
-- Table structure for table `MOYENNE`
--

DROP TABLE IF EXISTS `MOYENNE`;
CREATE TABLE `MOYENNE` (
  `id_moyenne` int(2) NOT NULL default '0',
  `nb_moyenne` float NOT NULL default '0',
  PRIMARY KEY  (`id_moyenne`)
) ENGINE=MyISAM DEFAULT CHARSET=latin1 PACK_KEYS=0 DELAY_KEY_WRITE=1;

--
-- Dumping data for table `MOYENNE`
--


/*!40000 ALTER TABLE `MOYENNE` DISABLE KEYS */;
LOCK TABLES `MOYENNE` WRITE;
UNLOCK TABLES;
/*!40000 ALTER TABLE `MOYENNE` ENABLE KEYS */;

--
-- Table structure for table `NOTE`
--

DROP TABLE IF EXISTS `NOTE`;
CREATE TABLE `NOTE` (
  `id_note` int(2) NOT NULL auto_increment,
  `NOTE` int(2) default NULL,
  `id_controle` int(2) NOT NULL default '0',
  PRIMARY KEY  (`id_note`)
) ENGINE=MyISAM DEFAULT CHARSET=latin1;

--
-- Dumping data for table `NOTE`
--


/*!40000 ALTER TABLE `NOTE` DISABLE KEYS */;
LOCK TABLES `NOTE` WRITE;
UNLOCK TABLES;
/*!40000 ALTER TABLE `NOTE` ENABLE KEYS */;

--
-- Table structure for table `OBTIENT`
--

DROP TABLE IF EXISTS `OBTIENT`;
CREATE TABLE `OBTIENT` (
  `id_eleve` int(2) NOT NULL default '0',
  `id_note` int(2) NOT NULL default '0',
  KEY `fkNOTE` (`id_note`),
  KEY `fkELEVE` (`id_eleve`)
) ENGINE=MyISAM DEFAULT CHARSET=latin1;

--
-- Dumping data for table `OBTIENT`
--


/*!40000 ALTER TABLE `OBTIENT` DISABLE KEYS */;
LOCK TABLES `OBTIENT` WRITE;
UNLOCK TABLES;
/*!40000 ALTER TABLE `OBTIENT` ENABLE KEYS */;

--
-- Table structure for table `PROFESSEUR`
--

DROP TABLE IF EXISTS `PROFESSEUR`;
CREATE TABLE `PROFESSEUR` (
  `id_professeur` int(2) NOT NULL auto_increment,
  `nom_professeur` varchar(20) character set utf8 collate utf8_bin NOT NULL default '',
  `prenom_professeur` varchar(20) character set utf8 NOT NULL default '',
  `mdp` varchar(8) character set utf8 NOT NULL default '',
  `adr_mail` varchar(30) character set utf8 default NULL,
  PRIMARY KEY  (`id_professeur`),
  FULLTEXT KEY `prenom_professeur` (`prenom_professeur`)
) ENGINE=MyISAM DEFAULT CHARSET=latin1;

--
-- Dumping data for table `PROFESSEUR`
--


/*!40000 ALTER TABLE `PROFESSEUR` DISABLE KEYS */;
LOCK TABLES `PROFESSEUR` WRITE;
INSERT INTO `PROFESSEUR` VALUES (5,'BLANDA','Patrick','pblanda',NULL),(6,'MONDOLONI','Michel','mmondolo',NULL),(7,'GBAGUIDI','Ambroise','agbaguid',NULL),(8,'DIENG','Sada','sdieng',NULL),(10,'LAGIER','Patrice','plagier',NULL),(112,'DIALLO','Veronique','vdiallo',NULL),(12,'ANDRIANOMEARISOA','Toussaint','tandrian',NULL),(113,'WAECHTER','Sylvie','swaechte',NULL),(16,'VULLIERME','Pierre','pvullier','vullierme@hotmail.com'),(17,'BERNARD','Marie Claire','mbernard',NULL),(18,'FOUCHER','Christophe','cfoucher','foucher_chrstop@yahoo.fr'),(19,'DIOUF','Mame Cheikh','mdiouf',NULL),(20,'MENRATH','Maryline','mmenrath',NULL),(21,'UTHEZA','Philippe','putheza',NULL),(22,'PAFADNAM','Christine','cpafadna',NULL),(23,'NDOUR','Pierre','pndour',NULL),(24,'SANTOS','Laurent','lsantos',NULL),(25,'LARDY','Francoise','flardy',NULL),(26,'NDIAYE','Assane','andiaye',NULL),(27,'NDIAYE','Aissatou','andiaye',NULL),(28,'AUDINOS','Dominique','daudinos',NULL),(29,'PONS','Michel','mpons',NULL),(31,'MOUVY','Pascal','pmouvy',NULL),(32,'ESTRADE','Stephane','sestrade',NULL),(36,'SCHALCK','Baptiste','bschalck',NULL),(64,'SOW','Madeleine','msow',NULL),(110,'FALL','Mactar','mfall',NULL),(67,'SAMBOU','Henri Philippe','hsambou',NULL),(68,'BADJI','Ibrahima','ibadji',NULL),(69,'COLY','Philemon','pcoly',NULL),(70,'SAGNA','Gabriel','gsagna',NULL),(71,'SYLVA','Valdemar','vsylva',NULL),(72,'TEBECHERANI','Valerie','vtebechi',NULL),(73,'ROUX','Florence','froux',NULL),(74,'KARTMANN','Liza','lkartman',NULL),(75,'DIARA','Mariline','mdiara',NULL),(76,'RAHAL','Antoinette','arahal',NULL),(77,'SILVA','Alain','asilva',NULL),(78,'FAYE','Georges','gfaye',NULL),(79,'GBAGUIDI','Rachel','rgbaguid',NULL),(80,'CISSE','Irene','icisse',NULL),(81,'BASSE','Aboubacar','abasse',NULL),(82,'DIOKHANE','Dame','ddiokhan',NULL),(83,'NDIONE','Josephine','jndione',NULL),(84,'NDIAYE','Aissatou','andiaye',NULL),(85,'DE LOUSTAL','Thierry','tde lous',NULL),(86,'CABANE','Romain','rcabane',NULL),(87,'SARR','Francois','fsarr',NULL),(88,'WANE','Ahmadou Tidiane','awane',NULL),(89,'DACOSTA','Suzanne','sdacosta',NULL),(90,'SORBADERE','Pierre','psorbade',NULL),(91,'DERWICHE','Rina','rderwich',NULL),(109,'Janette','soeur','janette',NULL),(93,'BECHARA','Evelyne','ebechara',NULL),(94,'SALEH','Najat','nsaleh',NULL),(95,'SY','Jacqueline','jsy',NULL),(96,'BIAGUI','Adolphe','abiagui',NULL),(97,'GROUAS','Valerie','vgrouas',NULL),(98,'MAERTENS','Philippe','pmaerten',NULL),(99,'NDIONE','Pierre-Claver','pndione',NULL),(100,'BRUNO','Frere','fbruno',NULL),(103,'NDOUR','Birame','bndour',NULL),(111,'FAYE','Florence','ffaye',NULL),(114,'GBAGUIDI','Maurice','mgbaguid',NULL),(115,'JAROUSSE','Anne','ajarouss',NULL);
UNLOCK TABLES;
/*!40000 ALTER TABLE `PROFESSEUR` ENABLE KEYS */;

--
-- Table structure for table `TRIMESTRE`
--

DROP TABLE IF EXISTS `TRIMESTRE`;
CREATE TABLE `TRIMESTRE` (
  `id_eleve` int(2) NOT NULL default '0',
  `id_moyenne` int(2) NOT NULL default '0',
  `id_matiere` int(2) NOT NULL default '0',
  `TRIMESTRE` int(2) NOT NULL default '0',
  PRIMARY KEY  (`id_eleve`,`id_moyenne`,`id_matiere`),
  KEY `fkELEVE` (`id_eleve`),
  KEY `fkMOYENNE` (`id_moyenne`),
  KEY `fkMATIERE` (`id_matiere`)
) ENGINE=MyISAM DEFAULT CHARSET=latin1 PACK_KEYS=0 DELAY_KEY_WRITE=1;

--
-- Dumping data for table `TRIMESTRE`
--


/*!40000 ALTER TABLE `TRIMESTRE` DISABLE KEYS */;
LOCK TABLES `TRIMESTRE` WRITE;
UNLOCK TABLES;
/*!40000 ALTER TABLE `TRIMESTRE` ENABLE KEYS */;

--
-- Table structure for table `controle`
--

DROP TABLE IF EXISTS `controle`;
CREATE TABLE `controle` (
  `id_controle` int(2) NOT NULL auto_increment,
  `nom_controle` varchar(20) NOT NULL default '',
  `coefficient` float NOT NULL default '0',
  `id_matiere` int(2) NOT NULL default '0',
  PRIMARY KEY  (`id_controle`),
  KEY `fkmatiere` (`id_matiere`)
) ENGINE=MyISAM DEFAULT CHARSET=latin1;

--
-- Dumping data for table `controle`
--


/*!40000 ALTER TABLE `controle` DISABLE KEYS */;
LOCK TABLES `controle` WRITE;
UNLOCK TABLES;
/*!40000 ALTER TABLE `controle` ENABLE KEYS */;

/*!40101 SET SQL_MODE=@OLD_SQL_MODE */;
/*!40014 SET FOREIGN_KEY_CHECKS=@OLD_FOREIGN_KEY_CHECKS */;
/*!40014 SET UNIQUE_CHECKS=@OLD_UNIQUE_CHECKS */;
/*!40101 SET CHARACTER_SET_CLIENT=@OLD_CHARACTER_SET_CLIENT */;
/*!40101 SET CHARACTER_SET_RESULTS=@OLD_CHARACTER_SET_RESULTS */;
/*!40101 SET COLLATION_CONNECTION=@OLD_COLLATION_CONNECTION */;
/*!40111 SET SQL_NOTES=@OLD_SQL_NOTES */;

