-- MySQL dump 10.9
--
-- Host: localhost    Database: prof_notes_2006_2007
-- ------------------------------------------------------
-- Server version	4.1.11-Debian_4sarge7-log

/*!40101 SET @OLD_CHARACTER_SET_CLIENT=@@CHARACTER_SET_CLIENT */;
/*!40101 SET @OLD_CHARACTER_SET_RESULTS=@@CHARACTER_SET_RESULTS */;
/*!40101 SET @OLD_COLLATION_CONNECTION=@@COLLATION_CONNECTION */;
/*!40101 SET NAMES utf8 */;
/*!40014 SET @OLD_UNIQUE_CHECKS=@@UNIQUE_CHECKS, UNIQUE_CHECKS=0 */;
/*!40014 SET @OLD_FOREIGN_KEY_CHECKS=@@FOREIGN_KEY_CHECKS, FOREIGN_KEY_CHECKS=0 */;
/*!40101 SET @OLD_SQL_MODE=@@SQL_MODE, SQL_MODE='NO_AUTO_VALUE_ON_ZERO' */;
/*!40111 SET @OLD_SQL_NOTES=@@SQL_NOTES, SQL_NOTES=0 */;

--
-- Table structure for table `CLASSE`
--

DROP TABLE IF EXISTS `CLASSE`;
CREATE TABLE `CLASSE` (
  `id_classe` int(2) NOT NULL auto_increment,
  `nom_classe` char(3) NOT NULL default '',
  `id_pp` int(2) NOT NULL default '0',
  PRIMARY KEY  (`id_classe`),
  KEY `fkPP` (`id_pp`)
) ENGINE=MyISAM DEFAULT CHARSET=latin1;

--
-- Dumping data for table `CLASSE`
--


/*!40000 ALTER TABLE `CLASSE` DISABLE KEYS */;
LOCK TABLES `CLASSE` WRITE;
INSERT INTO `CLASSE` VALUES (1,'TES',10),(2,'TSA',5),(3,'TSB',6),(4,'TL2',7),(5,'TS1',19),(6,'TS2',19),(7,'1ES',22),(8,'1SA',17),(9,'1SB',12),(10,'1L2',78),(11,'1S1',78),(12,'1S2',78),(13,'2A',16),(14,'2B',18),(15,'2C',111),(16,'2L',8),(17,'2S',8);
UNLOCK TABLES;
/*!40000 ALTER TABLE `CLASSE` ENABLE KEYS */;

--
-- Table structure for table `CONTROLE`
--

DROP TABLE IF EXISTS `CONTROLE`;
CREATE TABLE `CONTROLE` (
  `id_controle` int(2) NOT NULL auto_increment,
  `nom_controle` varchar(20) NOT NULL default '',
  `coefficient` float NOT NULL default '0',
  `id_matiere` int(2) NOT NULL default '0',
  `id_classe` int(2) NOT NULL default '0',
  PRIMARY KEY  (`id_controle`),
  KEY `fkmatiere` (`id_matiere`)
) ENGINE=MyISAM DEFAULT CHARSET=latin1;

--
-- Dumping data for table `CONTROLE`
--


/*!40000 ALTER TABLE `CONTROLE` DISABLE KEYS */;
LOCK TABLES `CONTROLE` WRITE;
INSERT INTO `CONTROLE` VALUES (3,'ds analyse',1,2,10),(6,'17/10/2006',1,2,10),(10,'18/10/2006',1,8,5),(9,'interro 13/10/2006',0.5,4,7),(24,'07/10/2006',2,13,14),(23,'dm exp 3/10',1,8,2),(25,'19/10/2006',1,4,10),(26,'19/10/2006',1,15,16),(35,'19/10/2006',3,15,17),(28,'19/10/2006',1,4,10),(101,'devoir 1',2,2,9),(30,'19/10/2006',1,15,7),(38,'19/10/2006',1,4,12),(37,'introduce yslf 6/10',0.5,8,14),(191,'27/11/2006',2,15,8),(189,'27/11/2006',2,15,7),(61,'DS n° 1',1,2,14),(73,'DS 1',1,2,8),(190,'27/11/2006',1,5,17),(66,'DS 2',2,2,14),(67,'30/10/2006',1,15,14),(68,'07/10/06',1,13,15),(69,'16/10/2006',1,15,13),(70,'30/10/2006',1,13,15),(81,'30/10/2006',1,8,3),(82,'DS n° 1',1,5,8),(76,'30/10/2006',1,8,7),(77,'16/10/2006',2,15,13),(95,'DS 30-10',2,2,2),(83,'30/10/2006',1,8,7),(88,'31/10/2006',1,5,17),(89,'19/10/2006',2,13,14),(90,'02/11/2006',1,15,10),(91,'02/11/2006',1,15,11),(92,'02/11/2006',1,15,12),(93,'03/11/2006',1,5,11),(94,'03/11/2006',1,5,12),(96,'IE1',0.5,2,2),(97,'IE2',0.5,2,2),(98,'IE3',0.5,2,2),(102,'Dev 1',2,2,13),(103,'contr cont',1,2,9),(104,'04/11/2006',1,15,2),(105,'04/11/2006',1,15,2),(106,'04/11/2006',1,15,3),(107,'04/11/2006',1,15,3),(108,'04/11/2006',1,15,1),(109,'04/11/2006',1,15,1),(110,'02/11/2006',2,13,14),(111,'2O/1O/2006',1,15,7),(112,'1O/1O/2006',2,15,8),(113,'09/11/2006',2,15,7),(114,'1O/1O/2006',2,15,9),(115,'IE4',0.5,2,2),(116,'IE5',0.5,2,2),(201,'27/11/2006',1,13,10),(120,'octobre TP/10',1,4,15),(121,'cont com Pondi 7/10',3,8,2),(122,'int 1 intr ysf 6/10',0.5,36,14),(123,'cont comm1 14/10',2,36,14),(124,'devoir 2',2,2,9),(125,'intro commentaire LF',1,1,7),(126,'intro commentaire LF',1,1,8),(127,'conclu comment LF',1,1,8),(128,'devoir 7-10',2,36,8),(129,'voc 17-10',1,36,8),(130,'devoir 7-10',2,36,9),(131,'voc 18-10',1,36,9),(132,'V.IRR.10-11',1,36,9),(133,'devoir 7-10',3,8,1),(134,'V.IRR. 17-10',1,8,1),(135,'Dev 1',2,2,15),(136,'contr cont',1,2,15),(137,'contr cont',1,2,15),(138,'contr cont',1,2,13),(139,'contr cont',1,2,13),(140,'16/11/2006',1,5,5),(141,'16/11/2006',1,5,6),(142,'11/11/2006',1,15,13),(143,'16/11/2006',4,23,1),(144,'11/11/2006',2,15,13),(145,'ORAL',1,23,1),(146,'16/11/2006',4,23,7),(147,'ORAL',1,23,7),(148,'16/11/2006',0.5,15,9),(149,'16/11/2006',1,4,6),(150,'16/11/2006',1,4,11),(151,'16/11/2006',1,4,11),(152,'contr cont',1,2,9),(153,'V.IRR.15-11',1,36,8),(154,'17/11/2006',4,23,13),(155,'17/11/2006',1,5,16),(156,'17/11/2006',1,5,11),(157,'30/09',4,2,1),(158,'10/10',2,2,1),(159,'IE 1',1,2,1),(160,'IE 2',1,2,1),(161,'18/11',4,2,1),(162,'11/11',2,2,2),(163,'devoir 3',2,2,9),(164,'contr cont',1,2,15),(165,'conclu comment LF',1,1,7),(166,'oral',1,1,7),(167,'travaux groupes §',1,1,8),(168,'oral',1,1,8),(169,'16/11/2006',2,13,14),(170,'DS classe tour leade',1,8,2),(171,'Dirty Harry 16/10',1,25,7),(172,'Lamb 13/11',1,25,7),(173,'p.12,13,14  13/11',0.5,36,14),(174,'test 1 3/10 intro ys',0.5,36,15),(175,'cont comm 14/10',2,36,15),(176,'p.12,13,14  14/11',0.5,36,15),(178,'20/11/2006',2,15,13),(179,'23/11/2006',2,15,13),(180,'24/11/2006',1,25,1),(181,'24/11/2006',2,1,14),(182,'module',0.5,1,14),(183,'24/11/2006',1,27,13),(184,'24/11/2006',1,27,13),(185,'Dev 2',2,2,13),(186,'Dev 2',2,2,15),(204,'comp or Tess 24/11',1,35,14),(188,'contrôle 1',2,4,14),(192,'27/11/2006',1,5,13),(193,'27/11/2006',1,15,7),(194,'27/11/2006',1,5,14),(195,'27/11/2006',1,15,14),(197,'27/11/2006',1,13,13),(199,'27/11/2006',1,4,14),(202,'27/11/2006',1,13,11),(203,'27/11/2006',1,13,12),(205,'Dev 3',1,2,13),(206,'28/11/2006',1,15,15),(207,'28/11/2006',1,15,15),(208,'contr cont',1,2,9),(209,'28/11/2006',1,7,16),(210,'28/11/2006',1,7,13),(211,'28/11/2006',1,5,5),(212,'28/11/2006',1,5,6),(213,'28/11/2006',1,5,17),(214,'28/11/2006',1,5,17);
UNLOCK TABLES;
/*!40000 ALTER TABLE `CONTROLE` ENABLE KEYS */;

--
-- Table structure for table `ELEVE`
--

DROP TABLE IF EXISTS `ELEVE`;
CREATE TABLE `ELEVE` (
  `id_eleve` int(2) NOT NULL auto_increment,
  `nom_eleve` varchar(20) NOT NULL default '',
  `prenom_eleve` varchar(20) NOT NULL default '',
  `id_classe` int(2) NOT NULL default '0',
  PRIMARY KEY  (`id_eleve`),
  KEY `fkCLASSE` (`id_classe`)
) ENGINE=MyISAM DEFAULT CHARSET=latin1 PACK_KEYS=0 DELAY_KEY_WRITE=1;

--
-- Dumping data for table `ELEVE`
--


/*!40000 ALTER TABLE `ELEVE` DISABLE KEYS */;
LOCK TABLES `ELEVE` WRITE;
INSERT INTO `ELEVE` VALUES (1,'ABOUSALEH','MOHAMED',1),(2,'ADJOUA','LENA ANDREA',1),(3,'AHNE','HABY BATH',1),(4,'ASSI','SORAYA',1),(5,'BADREDINE','FATIMA',1),(6,'FALL','MARIAM',1),(7,'GEBARA','MOHAMED',1),(8,'GOMIS','GAELLE AMINATA',1),(9,'HANNOUCHE','SOUAD',1),(10,'KANE','IBRAHIMA',1),(11,'KHALIL','RANIA',1),(12,'LOPES','MARIE PIERRE ABSA',1),(13,'MBENGUE','BAYE MOHAMED',1),(14,'MBOUP','COUMBA ARENE',1),(15,'MOURAD','CHAIMA',1),(16,'NDIAYE','MAME ISSEU DIOR',1),(17,'NEHME','CHERINE',1),(18,'PIRES DIAS','NELLY',1),(19,'POPULO','LYDIA',1),(20,'POUYE','NDEYE NDIEME',1),(21,'SAAD','SAMAR',1),(22,'SAGNA','JEAN YVES NICOLAS',1),(23,'SARR','PAUL PIERRE',1),(24,'WEHBE','NEIF CHRISTOPHE',1),(25,'AMRANI HANCHI','SOUKAINA',2),(26,'ARDEKANI-DJONEIDI','NIKA',2),(27,'ATTYE','SAMIR',2),(28,'BAALBAKI','JOHANA HAOUI',2),(29,'DALUZ','LAURENT KEVIN',2),(30,'DEBOES','CHANELLE',2),(31,'DOURERADJAM','RAMON K. JULIEN',2),(32,'FATTAH','MOHAMED',2),(33,'GAFARI','HELENE',2),(34,'GHASSANI','ISSA',2),(35,'GHOZAYEL','JOANNA',2),(36,'ISSA','IBRAHIM',2),(37,'JABER','RACHA',2),(38,'KA','DJIBLIL CHIMERE',2),(39,'KALACH','MOHAMED',2),(40,'KAMARA','KHADIJATOU',2),(41,'LAYOUSSE','CHARBEL',2),(42,'MATTA','JEAN',2),(43,'NDAO','MAMADOU',2),(44,'NEMER','RAYAN',2),(45,'NIANG','NDEYE NGONE',2),(46,'RAD','KRYSTELE',2),(47,'SAHELI','AMAR ESTHER',2),(48,'SALMAN','RYAN',2),(49,'SALLOUM','REMY',2),(50,'SOW','CHEIKH TIDIANE',2),(51,'YOUSSEF','JAMILE',2),(52,'ADOU','SEMARIA JESSICA',3),(53,'ALI YAHIA','SARAH',3),(54,'DAW','RACHEL',3),(55,'DIAGNE','NDEYE FATOU',3),(56,'DIAGNE','PAPA OUSMANE',3),(57,'DIAITE','CORINE',3),(58,'FAUGER','MAISSA HAMIDOU',3),(59,'FILFILI','FOUAD',3),(60,'GOMEZ','CELIA CORALIE',3),(61,'HAIDAR','REDA',3),(62,'HALAOUI','RIWANE',3),(63,'HASSAN','WALID',3),(64,'HIE','SIRY ARNAUD BILICOL',3),(65,'KA','DIOUMEL',3),(66,'KANE','AWA',3),(67,'KONE','DONECI',3),(68,'LAYOUSSE','JOSEPH',3),(69,'MBAYE','CHEIKH ANTA',3),(70,'NDIAYE','ALASSANE',3),(71,'NEHME','MOHAMED',3),(72,'SAHELI','YOUSSEF',3),(73,'SECK','AMINATA DIOR',3),(74,'SOUMARE','ASTA BANTJI',3),(75,'SY','KHALIFA ABABACAR',3),(76,'YOUNES','HUSSEIN',3),(77,'BALDE','OUMOU',4),(78,'BASSENE','PETRONIC AGAICHA',4),(79,'CISSOKO','BAIDALAYE',4),(80,'DIOP','MARIEME FATOU',4),(81,'DIAKHATE','FATOUMATA',4),(82,'LAKHDAR','RANIA',4),(83,'NDIAYE','DIEYNABA',4),(84,'NDIAYE','RAMATOULAYE',4),(85,'SENE','MOUHAMADOU',4),(86,'SY','EL HADJ ABDOU AZIIZ',4),(87,'WAYZANI','LAYAL',4),(88,'DIA','ABDOULAYE',5),(89,'DIOP','MOHAMED LAMINE',5),(90,'NDIAYE','MARIE STELLA C. C.',5),(91,'SY','BIRAME ALDIOUMA',5),(92,'BADAOUI','ZAHRAA',6),(93,'DIENG','MARIAMA',6),(94,'DIOP','HASSIM BACHIR',6),(95,'DIOP','PAPE MOCTAR',6),(96,'FALL','CHEIKH A. B',6),(97,'HABIB','EMILIE ELISABETH',6),(98,'NASSAR','HEYSSAM',6),(99,'NDIONE','JULIE LEA',6),(100,'NIANG','ALIMATOU YVONNE',6),(101,'NIANG','IBRAHIM',6),(102,'SAR','ANTA',6),(103,'SOW','MAODO MALICK',6),(104,'ABDALLAH','MARWA',7),(106,'AYOUB BAALBAKI','CHARIFA',7),(107,'BALESDENS','CHARLOTTE',7),(108,'BASMA','LOUWANA',7),(109,'BOURGI','SANDRA',7),(110,'DAHROUGE','RAISSA RANNDA',7),(111,'DAW','AMANDA',7),(113,'ESHOUR','ZEINA',7),(114,'FARHAT','KARINA',7),(115,'FILFILI','SAMI',7),(116,'HAWILI','NOUR',7),(117,'KAWAR','RAYSSA',7),(118,'KHADRA','FADI',7),(119,'LANGLOIS','JULIE',7),(120,'LOFF FERNANDES','MARIE TESSY',7),(121,'MAHTOUB','MIRNA',7),(122,'MARNAS','CHLOE CAROLINE',7),(123,'NDIAYE','BENJAMIN',7),(124,'NEMER','STEPHANE',7),(125,'OMAIS','NABIL',7),(126,'RANDRIANASOLO','ANDY MICHAEL',7),(127,'SY','NDATE BAPTISTE',7),(128,'THIAW','NDEYE CATHY',7),(129,'THOUMAS','ANDREA',7),(130,'VIERA','CECILE YVETTE LYDIA',7),(131,'ABOUSALEH','MAYA',8),(132,'AJAMI','MEHDI',8),(133,'ANDRIANOMEARISOA','LISA CAROLINECLAIRE',8),(134,'ANDRIANOMEARISOA','LUC PHILIPPE PITER',8),(135,'BAZZOUNY','WASSIM',8),(136,'BITTAR','FREDERIC',8),(137,'CHOUCAIR','LEA',8),(138,'DAKHLALLAH','ALI',8),(139,'DIALLO','ANTA COMBA',8),(140,'DIOP','MAEVA ANTA',8),(141,'FARHAT','LOUANA',8),(142,'HAKIM','HANADI',8),(143,'HEDROJ','ALI',8),(144,'LAFOIX','FRANCOIS-XAVIER',8),(145,'SAHELI','AMINA',8),(146,'TALL','PAPE SALIOU',8),(147,'TARRAF-KOUJOCK','HUSSEIN SAID SEBASTI',8),(148,'ULLIANA','AURELIEN',8),(149,'AYOUB','ZEYNAB',9),(150,'BADREDINE','HUSSEIN',9),(151,'DIAGNE','MOHAMED EL MOCTAR',9),(152,'DIALLO','MOHAMED',9),(153,'DIAW','DIADAME JOCELYNE',9),(154,'EZZEDINE','RIMA',9),(155,'FILFILI','RAMI',9),(156,'FOLY-TOULON','EDSON PAUL M. E',9),(157,'HAWILI','SHIRINE',9),(158,'PINA','ADRIEN',9),(159,'SALLOUM','STEPHANE JOEL',9),(160,'SANTOS','ARISTIDE M. A.',9),(161,'SERIFOU','ROCKIA',9),(162,'SEYE','MEDOUNE B, THOMAS',9),(163,'SOUMARE','MOUHAMED HAMOU',9),(164,'SECK','ZEYNABOU',9),(165,'WIZANI','MIRNA',9),(166,'YASSINE','WASSIM',9),(167,'BA','COUMBA',10),(168,'CHAOUCHAR','ALIA',10),(169,'COLY','NANCY DANY',10),(170,'FALL','THIENDELLA NGUENAR',10),(172,'GAYE','MARIE YVONNE',10),(173,'KONE','CYRIL FANGA-TOUGA',10),(174,'NDAO','MAIMOUNA',10),(175,'NDIAYE','MOUHAMADOU M.',10),(176,'NDOYE','PAPE MAMADOU',10),(177,'NGOM','SODA MARIEME',10),(178,'SOW','AISSE LALLAH AICHA',10),(179,'SY','AMINATA GUENA',10),(180,'TOURE','ELIMANE IBRAHIM',10),(181,'TOURE','LALLA AICHA A. M.',10),(182,'BA','MAME BETTY',11),(183,'COLY','AMIDOU DAGNIL',11),(184,'DIOUF','DIOLY',11),(185,'DIOUF','EL HADJI SOCE',11),(186,'KANE','DIEYNABA SALA TAMARA',11),(187,'KOFFI','NATEH KPEDRO LOINEL',11),(188,'SECK','SEYIDOUNA OMAR',11),(189,'DAHER','ALY',12),(190,'DIATTA','DIADIA ELISABETH ALA',12),(191,'DIOP','CHEIKH',12),(192,'GUEYE','AWA',12),(193,'MBENGUE','CHEIKH AHMADOU BAMBA',12),(195,'SALL','FATIMATOU',12),(196,'SOW','HABY',12),(197,'YACOUB','ANTOINE',12),(198,'ASSI','GHAZI',13),(199,'ATTYE','FADI',13),(200,'AYAD','MOHAMAD',13),(201,'BARRY','ALYSSA KHADIDIATOU',13),(332,'YOUSSOUF','Foteh',13),(203,'DIAGNE','MARIEME SYLLA',13),(204,'DIALLO','AMADOU OUMAR',13),(205,'DIOUF','ISMAILA',13),(206,'EL FARRANE','KLARA MARIE',13),(207,'FALL','KHADIDIATOU',13),(208,'GAYE','OULIMATA',13),(209,'GHANDOUR','NEIFE',13),(210,'HAKIM','HASSAN DANIEL',13),(211,'HARATI','CINDY',13),(212,'HELLAL','ANAIS',13),(213,'KHALAF','FARAH',13),(214,'LATH','MARIE ANGELE',13),(215,'MBODJI','YERIM',13),(216,'MERRE','FLORIAN CLAUDE',13),(217,'NDIAYE','AWA',13),(218,'NEHME','SABRINA',13),(220,'RICOU','JOSEPHA VENISE',13),(221,'SAHELI','FADEL',13),(222,'SALL','PENDA SOLENE',13),(223,'SEGUY','LOUIS MARIE JAMES',13),(224,'SOUFANE','HASSAN',13),(225,'TAGEDDINE','NADINE',13),(226,'TALL','ABY MBAYE',13),(227,'TOURE','KHOUDIA YATMA',13),(228,'WAYZANI','DAMIR',13),(229,'WIZANI','RAMI',13),(230,'ABOU-KHALIL','JOHANA',14),(231,'ATTYE','MIRVATE',14),(232,'AYOUB','ZAHRA',14),(233,'BASMA','SALHA',14),(234,'BAYLE','LUCAS',14),(235,'BOISSELET','SOPHIE',14),(236,'CASTANO','MARINE',14),(237,'CHOKOR','SAMER',14),(238,'COLLIN','SYLVIE MARIE NDELLA',14),(239,'DIARRA','REYANE',14),(240,'EL SAYEGH','LARA',14),(241,'EZZEDINE','RADWANE',14),(242,'GBAGUIDI','ARNAUD MEDE TONDJI',14),(243,'GHADBOUNE','ZEINA',14),(244,'GUEYE','AMINA FALY',14),(245,'HACHEM','ALI',14),(246,'HAJAALI','SADRY',14),(247,'HOBALLAH','NADER',14),(248,'JABER','MIRNA',14),(249,'JOHER','SALIM',14),(250,'KIBBE','SARAH',14),(251,'KONDE','CECILE',14),(252,'LANNOY','ANTOINE INSA DAVID',14),(253,'LEMASLE','GUILLAUME',14),(254,'MATOKO','GUILLABERT E. FABIEN',14),(255,'MBENGUE','BABACAR J.',14),(256,'MENRATH','ADRIEN',14),(257,'NDIAYE','KHADIDIATOU',14),(258,'OUIS','LINA CHAHINEZ',14),(259,'PONSARD','ADRIEN JOSEPH',14),(260,'SALAME','ALY',14),(261,'SARR','ALPHONSE NDEME',14),(262,'SECK','MERRY ANN ANITA',14),(263,'SIDANI','ALI',14),(264,'SOW','NAOMI JIHANE',14),(265,'TOULLEC','LUDIVINE JOHANNA',14),(266,'YOUSSEF','MAHDI',14),(267,'ATTIE','RACHEL',15),(268,'AYAD','MEHDI',15),(269,'BA','SALLA TAMARA NALLA',15),(270,'BADREDINE','MOHAMED',15),(271,'CISSE','REINE RAYMONDE',15),(272,'DEMBELE','JULES',15),(273,'DIDI','AWADA DAVID',15),(274,'DIENG','MASSAMBA ETIENNE',15),(275,'DIOUF','RAMATOULAYE LOUISE',15),(276,'EZZEDINE','MOHAMED',15),(277,'GEBARA','ISSA',15),(278,'GHASSANI','HANADI',15),(279,'HAKIM','SARAH',15),(280,'HOBALLAH','CHERINE',15),(281,'HUSEINI','ABDEL KARIM',15),(282,'JABER','CHERINE',15),(283,'JOUBAILY','ZEINA',15),(284,'KHADRA','HUSSEIN',15),(285,'KHOCHMAN','RYAN',15),(286,'LAKHDAR','MOHAMED ANIS',15),(287,'LOPES','AIDA MICHELLE',15),(288,'MBODJI','MAME AWA',15),(289,'MONTEIRO','ORNELLA',15),(290,'NAFFAH','MARIE JOSEPHINE',15),(291,'NDIAYE','ANTOINE M. J. S.',15),(292,'NDIAYE','KHADIJA ZEINAB',15),(293,'SALMAN','SARAH',15),(294,'SANE','ABIBATOU MARELA',15),(295,'SONKO','AISSATOU DIALLO',15),(296,'WAZNI','ALY FADEL',15),(297,'WEHBE','ROXANE SOUAD MARIE',15),(298,'YACTINE','HASSAN DANIEL',15),(299,'YASSINE','HUSSEIN JUNIOR',15),(300,'YONIS','FARIS LAURENT',15),(301,'DIACK','FANTA FATIMA',16),(302,'DIAGNE','FATOU BINTOU',16),(303,'DIENE','SAÏNABOU THIEME',16),(304,'DIOP','NDEYE BINTA',16),(305,'FOFANA','LALA AÏCHA',16),(307,'SAMB','MAIMOUNA',16),(308,'AKOTO-YAO','KEVIN',17),(309,'BA','NDEYE MADJIGUENE',17),(310,'BOLSANE','PAUL ISSA MARTIAL',17),(311,'DIALLO','EL HADJI ABDOULAYE',17),(313,'DIEGUIMDE','ROSEMONDE JANIE',17),(314,'DIOP','NDEYE MARIAMA',17),(315,'DIOP','MAME KHOUDIA',17),(316,'DIOP','PIERRE THIALAW',17),(317,'DIOUF','MAME AWA FLORENCE',17),(318,'FENAICHE','KARINA',17),(319,'FARHAT','ALI',17),(320,'ISSA','CHARBEL',17),(321,'LO','OLD AHMADOU',17),(322,'MBOUP','MAGUETTE',17),(323,'NDIAYE','AMADOU LAMINE',17),(324,'NDIAYE','NDEYE FAMA MODY',17),(325,'NDOUR','MAMADOU LAMINE',17),(327,'SANKE','KHADIM',17),(328,'SANKE','MOHAMED',17),(329,'SOW','FATIMA',17),(330,'THIAM','ANNA',17),(331,'HOUETO','Therese',1),(333,'DIALLO','Abou',1),(334,'FENEICHE','Ilham',1),(335,'NDIAYE','Michele',7);
UNLOCK TABLES;
/*!40000 ALTER TABLE `ELEVE` ENABLE KEYS */;

--
-- Table structure for table `ENSEIGNE`
--

DROP TABLE IF EXISTS `ENSEIGNE`;
CREATE TABLE `ENSEIGNE` (
  `id_professeur` int(2) NOT NULL default '0',
  `id_classe` int(2) NOT NULL default '0',
  `id_matiere` int(2) NOT NULL default '0',
  PRIMARY KEY  (`id_professeur`,`id_classe`,`id_matiere`),
  KEY `fkCLASSE` (`id_classe`),
  KEY `fkMATIERE` (`id_matiere`)
) ENGINE=MyISAM DEFAULT CHARSET=latin1 PACK_KEYS=0 DELAY_KEY_WRITE=1;

--
-- Dumping data for table `ENSEIGNE`
--


/*!40000 ALTER TABLE `ENSEIGNE` DISABLE KEYS */;
LOCK TABLES `ENSEIGNE` WRITE;
INSERT INTO `ENSEIGNE` VALUES (5,1,2),(5,2,2),(6,3,2),(6,7,2),(7,10,23),(7,14,23),(7,15,23),(7,16,23),(8,5,5),(8,6,5),(8,11,5),(8,12,5),(8,16,5),(8,17,5),(10,1,15),(10,2,15),(10,3,15),(10,13,15),(12,3,5),(12,9,5),(12,9,34),(16,9,2),(16,13,2),(16,15,2),(17,1,8),(17,1,25),(17,8,35),(17,8,36),(17,9,35),(17,9,36),(18,8,2),(18,8,34),(18,14,2),(19,5,2),(19,6,2),(19,11,2),(19,12,2),(19,17,2),(20,7,1),(20,8,1),(22,2,4),(22,7,4),(22,8,4),(22,8,34),(23,16,1),(23,17,1),(24,4,15),(24,5,15),(24,6,15),(24,15,15),(26,5,4),(26,14,4),(26,15,4),(28,9,1),(29,2,5),(36,14,3),(64,1,7),(64,2,7),(64,3,7),(64,4,7),(64,7,7),(64,8,7),(64,9,7),(64,10,7),(64,11,7),(64,12,7),(64,13,7),(64,14,7),(64,15,7),(64,16,7),(64,17,7),(67,16,14),(67,17,14),(68,1,12),(68,2,12),(68,3,12),(68,4,12),(68,5,12),(68,6,12),(68,7,12),(68,8,12),(68,9,12),(68,10,12),(68,11,12),(68,12,12),(68,13,12),(68,14,12),(68,15,12),(68,16,12),(68,17,12),(69,1,12),(69,2,12),(69,3,12),(69,4,12),(69,5,12),(69,6,12),(69,7,12),(69,8,12),(69,9,12),(69,10,12),(69,11,12),(69,12,12),(69,13,12),(69,14,12),(69,14,14),(69,15,12),(69,15,14),(69,16,12),(69,17,12),(70,1,12),(70,2,12),(70,3,12),(70,4,12),(70,5,12),(70,6,12),(70,7,12),(70,8,12),(70,9,12),(70,10,12),(70,11,12),(70,12,12),(70,13,12),(70,14,12),(70,15,12),(70,16,12),(70,17,12),(71,1,12),(71,2,12),(71,3,12),(71,4,12),(71,5,12),(71,6,12),(71,7,12),(71,8,12),(71,9,12),(71,10,12),(71,11,12),(71,12,12),(71,13,12),(71,14,12),(71,15,12),(71,16,12),(71,17,12),(72,14,13),(73,1,14),(73,2,14),(73,3,14),(73,7,10),(73,8,10),(73,9,10),(73,10,10),(73,14,14),(74,1,17),(74,2,17),(74,3,17),(74,4,17),(75,3,4),(75,9,4),(75,13,4),(76,1,13),(76,7,37),(76,7,38),(77,4,8),(77,5,8),(77,6,8),(77,10,8),(77,11,8),(77,12,8),(77,13,27),(77,13,35),(77,13,36),(77,16,8),(77,17,8),(78,1,10),(78,2,10),(78,3,10),(78,4,1),(78,4,10),(78,5,1),(78,5,10),(78,6,1),(78,6,10),(78,10,1),(78,11,1),(78,12,1),(78,13,10),(78,15,10),(79,10,4),(79,12,4),(80,6,4),(80,11,4),(81,1,9),(81,2,9),(81,3,9),(81,4,9),(81,7,9),(81,8,9),(81,9,9),(81,10,9),(81,11,9),(81,12,9),(81,13,9),(81,14,9),(81,15,9),(82,3,13),(82,9,37),(82,9,38),(82,13,13),(85,1,23),(85,7,23),(85,7,34),(85,13,23),(87,4,13),(87,10,13),(87,11,13),(87,12,13),(87,16,13),(87,17,13),(88,16,15),(88,17,15),(89,13,1),(91,15,1),(95,3,8),(95,7,35),(95,7,36),(96,7,10),(96,8,10),(96,9,10),(96,10,10),(96,11,10),(96,12,10),(96,13,14),(97,14,1),(98,13,5),(98,14,5),(103,10,15),(103,11,15),(103,12,15),(103,14,15),(109,4,14),(109,5,14),(109,5,17),(109,6,14),(109,6,17),(109,7,14),(109,8,14),(109,9,14),(109,10,14),(109,11,14),(109,12,14),(109,14,10),(110,4,4),(110,16,4),(110,17,4),(111,2,8),(111,7,25),(111,14,35),(111,14,36),(111,15,35),(111,15,36),(112,2,13),(112,8,37),(112,8,38),(112,15,13),(113,8,5),(113,8,34),(113,15,5),(114,4,2),(114,10,2),(115,7,15),(115,7,34),(115,8,11),(115,8,15),(115,9,11),(115,9,15);
UNLOCK TABLES;
/*!40000 ALTER TABLE `ENSEIGNE` ENABLE KEYS */;

--
-- Table structure for table `MATIERE`
--

DROP TABLE IF EXISTS `MATIERE`;
CREATE TABLE `MATIERE` (
  `id_matiere` int(2) NOT NULL auto_increment,
  `nom_matiere` varchar(20) NOT NULL default '',
  PRIMARY KEY  (`id_matiere`)
) ENGINE=MyISAM DEFAULT CHARSET=latin1;

--
-- Dumping data for table `MATIERE`
--


/*!40000 ALTER TABLE `MATIERE` DISABLE KEYS */;
LOCK TABLES `MATIERE` WRITE;
INSERT INTO `MATIERE` VALUES (1,'Francais'),(2,'Mathematiques'),(3,'Informatique'),(4,'SVT'),(5,'Physique-Chimie'),(23,'Sciences Eco'),(7,'Allemand'),(8,'Anglais'),(9,'Arabe'),(10,'Catechese'),(11,'ECJS'),(12,'EPS'),(13,'Espagnol'),(14,'Ethique'),(15,'Histoire-Geo'),(16,'Mathematiques'),(17,'Philosophie'),(18,'Spe Math'),(19,'Spe Physique'),(20,'Spe SVT'),(22,'Heure de vie'),(24,'Sciences Eco'),(25,'Spe Anglais'),(26,'Spe SES'),(27,'Anglais renforce'),(28,'Module Anglais'),(29,'Module Francais'),(30,'Module HG'),(31,'Module Maths'),(32,'Soutien Francais'),(33,'Soutien Maths'),(34,'TPE'),(35,'ANGLAIS - - ORAL'),(36,'ANGLAIS - - ECRIT'),(37,'ESPAGNOL - - ECRIT'),(38,'ESPAGNOL - - ORAL');
UNLOCK TABLES;
/*!40000 ALTER TABLE `MATIERE` ENABLE KEYS */;

--
-- Table structure for table `NOTE`
--

DROP TABLE IF EXISTS `NOTE`;
CREATE TABLE `NOTE` (
  `id_note` int(2) NOT NULL auto_increment,
  `NOTE` float default NULL,
  `id_controle` int(2) NOT NULL default '0',
  PRIMARY KEY  (`id_note`)
) ENGINE=MyISAM DEFAULT CHARSET=latin1;

--
-- Dumping data for table `NOTE`
--


/*!40000 ALTER TABLE `NOTE` DISABLE KEYS */;
LOCK TABLES `NOTE` WRITE;
INSERT INTO `NOTE` VALUES (31,9,6),(30,13,6),(29,7,6),(28,14,6),(27,8,6),(26,10,6),(25,13,6),(24,9,6),(16,10,3),(15,12,3),(14,6,3),(32,5,6),(33,11,6),(34,13,6),(35,5,6),(36,10,6),(37,9,6),(38,6,6),(39,9,3),(110,13,23),(109,14,23),(73,10,10),(72,14,10),(71,12,10),(70,10,10),(46,17.5,9),(47,12.5,9),(48,17,9),(49,18,9),(50,18,9),(51,18,9),(52,16,9),(53,13,9),(54,17.5,9),(55,19,9),(56,15,9),(57,16,9),(58,17.5,9),(59,18.5,9),(60,7,9),(61,14.5,9),(62,19,9),(63,17,9),(64,19,9),(65,15,9),(66,17,9),(67,18,9),(68,6,9),(69,16.5,9),(108,4,23),(107,8,23),(106,8,23),(105,14,23),(104,9,23),(101,15,23),(100,6,23),(103,13,23),(102,9,23),(111,15,23),(112,6,23),(113,7,23),(114,9,23),(115,9,23),(116,6,23),(117,13,23),(118,15,23),(119,8,23),(120,13,23),(121,13.5,24),(122,13,24),(123,11,24),(124,15.5,24),(125,16,24),(126,6,24),(127,12,24),(128,13,24),(129,15,24),(130,14,24),(131,0,24),(132,10,24),(133,14.5,24),(134,10.5,24),(135,13.5,24),(136,3.5,24),(137,15.5,24),(138,13,24),(139,12,24),(140,9.5,24),(141,7,24),(142,16,24),(143,13,24),(144,10.5,24),(145,17.5,23),(146,13,26),(147,10,26),(148,17,26),(149,10,26),(150,10,26),(199,7,35),(198,13,35),(197,10,35),(196,12,35),(195,14,35),(194,12,35),(193,10,35),(192,15,35),(191,12,35),(190,15,35),(161,18.5,23),(162,9.5,23),(163,5.5,23),(202,9,35),(201,12,35),(200,15,35),(167,2.5,23),(168,7.5,23),(925,18,95),(924,12.5,95),(923,9.5,95),(922,16.5,95),(921,4.5,95),(920,7,95),(919,16.5,95),(936,15.5,95),(210,10,35),(209,16,35),(208,9,35),(207,4,35),(206,13,35),(205,17,35),(204,11,35),(203,16,35),(935,10,95),(934,13,95),(933,9.5,95),(932,7.5,95),(931,8,95),(930,15.5,95),(929,7.5,95),(226,20,37),(227,14,37),(228,20,37),(229,14,37),(230,17,37),(231,20,37),(232,18,37),(233,18,37),(234,15,37),(235,7,37),(236,18,37),(237,16,37),(238,19,37),(239,11,37),(240,19,37),(241,7,37),(242,17,37),(928,9.5,95),(2981,6,190),(2980,4.5,190),(2979,2.25,190),(2978,7.5,190),(2977,6,190),(2976,1.5,190),(2975,10,190),(2974,3.5,190),(2973,5,190),(2972,5,190),(2971,8.5,190),(1032,8.5,101),(1031,4.5,101),(1030,6.5,101),(2970,14,189),(2969,8,189),(2968,11,189),(2967,10.5,189),(2966,10,189),(2965,11.5,189),(2964,8.5,189),(2963,8.5,189),(2962,12,189),(2961,14,189),(2960,8,189),(2959,10.5,189),(2958,12.5,189),(2957,12,189),(345,17,61),(346,10,61),(347,15.5,61),(348,13,61),(349,9.5,61),(350,10.5,61),(351,10,61),(352,9.5,61),(353,16,61),(354,15,61),(355,14.5,61),(356,17,61),(357,10.5,61),(358,16.5,61),(359,7,61),(360,15,61),(361,8,61),(362,7.5,61),(363,8,61),(364,15,61),(365,12.5,61),(366,14,61),(367,6,61),(368,8.5,61),(369,6.5,61),(370,13,61),(371,13.5,61),(372,14,61),(373,11.5,61),(374,7.5,61),(375,17,61),(376,15,61),(377,9,61),(378,12,61),(379,10.5,61),(380,13.5,61),(601,14,73),(600,10,73),(599,7,73),(598,6,73),(597,8,73),(596,7.5,73),(2438,9,73),(2956,15,189),(2955,8,189),(2954,16,189),(2953,3,189),(2952,13.5,189),(2951,10,189),(2950,9,189),(2949,10,189),(2948,16,189),(741,6.5,82),(740,14.5,82),(739,18.75,82),(738,11,82),(737,18.75,82),(736,15.5,82),(735,8,82),(734,17.75,82),(733,19.5,82),(732,10.25,82),(731,9.25,82),(431,15,66),(432,9,66),(433,15,66),(434,8.5,66),(435,13,66),(436,9,66),(437,7,66),(438,6,66),(439,16,66),(440,14.5,66),(441,10,66),(442,16.5,66),(443,14.5,66),(444,13.5,66),(445,5.5,66),(446,15,66),(447,12,66),(448,9.5,66),(449,13.5,66),(450,11.5,66),(451,14,66),(452,9.5,66),(453,9,66),(454,13.5,66),(455,7.5,66),(456,13.5,66),(457,11.5,66),(458,12.5,66),(459,13.5,66),(460,8,66),(461,13.5,66),(462,11,66),(463,9,66),(464,11.5,66),(465,9,66),(466,16.5,66),(467,14.5,67),(468,8.5,67),(469,16,67),(470,6,67),(471,12.5,67),(472,14,67),(473,17,67),(474,17,67),(475,13,67),(476,15.5,67),(477,15.5,67),(478,10.5,67),(479,10,67),(480,15,67),(481,16,67),(482,8.5,67),(483,11.5,67),(484,13.5,67),(485,11,67),(486,8.5,67),(487,12,67),(488,14,67),(489,9,67),(490,12,67),(491,11.5,67),(492,13.5,67),(493,16.5,67),(494,7,67),(495,7.5,67),(496,8,67),(497,11.5,67),(498,15,67),(499,7.5,67),(500,12.5,67),(501,10,67),(502,8.5,67),(503,10.5,68),(504,18,68),(505,14,68),(506,14,68),(507,11,68),(508,13.5,68),(509,12.5,68),(510,14,68),(511,7,68),(512,14,68),(513,13,68),(514,16.5,68),(515,15,68),(516,17,68),(517,13,68),(518,13.5,68),(519,17,68),(520,7.5,68),(521,18,69),(522,17.5,69),(523,13,69),(524,15,69),(525,19,69),(526,17,69),(527,16,69),(528,14.5,69),(529,17.5,69),(530,19,69),(531,15,69),(532,17,69),(533,14.5,69),(534,17,69),(535,19.5,69),(536,19,69),(537,17,69),(538,17,69),(539,14,69),(540,14,69),(541,17,69),(542,17.5,69),(543,20,69),(544,18,69),(545,13,69),(546,18,69),(547,8,69),(548,13,69),(549,17,69),(550,16.5,69),(551,15,70),(552,14,70),(649,10,77),(648,9.5,77),(647,11,77),(646,6,77),(645,8,77),(644,11.5,77),(643,6,77),(642,11,77),(641,5,77),(640,7,77),(639,8,77),(638,4,77),(637,8,77),(636,10,77),(635,5.5,77),(634,12.5,77),(633,5,77),(632,8,76),(631,11.5,76),(630,9.5,76),(629,9.5,76),(628,10.5,76),(627,11.5,76),(626,6,76),(625,5,76),(624,8,76),(918,10.5,95),(917,8.5,95),(700,4,81),(699,9,81),(730,17.5,82),(612,3,73),(611,10.5,73),(610,16,73),(609,4.5,73),(608,11,73),(607,10,73),(606,3.5,73),(605,10,73),(604,15,73),(603,10,73),(602,8,73),(729,18.25,82),(728,15.5,82),(727,17.5,82),(726,18.25,82),(725,13,82),(724,10,82),(650,5,77),(651,11,77),(652,4,77),(653,6,77),(654,9,77),(655,11,77),(656,8.5,77),(657,4,77),(658,13,77),(659,5,77),(660,7,77),(661,5,77),(662,8.5,77),(2439,16,170),(916,18.5,95),(2947,15.5,189),(2946,8,189),(2945,9.5,189),(766,8.5,83),(765,6,83),(764,8.5,83),(763,12.5,83),(762,11.5,83),(761,10.5,83),(760,8.5,83),(759,8.5,83),(758,6.5,83),(757,2.5,83),(756,7.5,83),(755,5.5,83),(754,4,83),(753,9.5,83),(752,7.5,83),(751,11.5,83),(750,8,83),(749,11.5,83),(748,9.5,83),(747,10,83),(746,10.5,83),(745,11.5,83),(744,6,83),(743,5,83),(742,8,83),(701,10.5,81),(702,10,81),(703,12,81),(704,3.5,81),(705,13,81),(706,5,81),(707,7,81),(708,4,81),(709,6,81),(710,7.5,81),(711,7.5,81),(712,10,81),(713,13.5,81),(714,14,81),(715,6.5,81),(716,11,81),(717,9,81),(718,8,81),(719,14.5,81),(720,9,81),(721,7,81),(722,11,69),(723,4,77),(927,18.5,95),(926,10.5,95),(915,10,95),(826,7,88),(827,11,88),(828,12.25,88),(829,10,88),(830,8,88),(831,5.5,88),(832,10,88),(833,10.5,88),(834,10.75,88),(835,7.5,88),(836,9.5,88),(837,7,88),(838,11.25,88),(839,8,88),(840,11,88),(841,8,88),(842,6.5,88),(843,5.5,88),(844,9.5,88),(845,6,88),(846,7,88),(847,18,89),(848,13.5,89),(849,11.5,89),(850,15,89),(851,17.5,89),(852,8.5,89),(853,10.5,89),(854,11,89),(855,12,89),(856,12,89),(857,1.5,89),(858,12.5,89),(859,14.5,89),(860,7.5,89),(861,13,89),(862,10.5,89),(863,9.5,89),(864,15,89),(865,14.5,89),(866,10.5,89),(867,6.5,89),(868,16,89),(869,16.5,89),(870,19,89),(871,9,90),(872,7,90),(873,11,90),(874,4,90),(875,6.5,90),(876,12,90),(877,7,90),(878,5.5,90),(879,10.5,90),(880,11,90),(881,7.5,90),(882,8.5,90),(883,10.5,91),(884,6.5,91),(885,10,91),(886,10,91),(887,4.5,91),(888,10.5,91),(889,10.5,91),(890,10.5,92),(891,8,92),(892,4,92),(893,2,92),(894,9,92),(895,10.5,92),(896,11,92),(897,7,92),(898,9,90),(899,12.5,93),(900,10,93),(901,11,93),(902,9.5,93),(903,12,93),(904,4.5,93),(905,16.5,93),(906,2,94),(907,3,94),(908,1.5,94),(909,10,94),(910,9.5,94),(911,5.5,94),(912,2,94),(913,11.5,94),(914,3,89),(937,12,95),(938,9,95),(939,11,95),(940,11.5,95),(941,4.5,95),(942,15,96),(943,20,96),(944,9,96),(945,13,96),(946,20,96),(947,7,96),(948,19,96),(949,19,96),(950,16,96),(951,20,96),(952,16,96),(953,16,96),(954,15,96),(955,12,96),(956,10,96),(957,10,96),(958,16,96),(959,13,96),(960,12,96),(961,7,96),(962,13,96),(963,16,96),(964,13,96),(965,11,96),(966,18,96),(967,7,96),(968,7,97),(969,20,97),(970,10,97),(971,16,97),(972,19,97),(973,9,97),(974,14,97),(975,10,97),(976,11,97),(977,18,97),(978,15,97),(979,13,97),(980,4,97),(981,17,97),(982,14,97),(983,4,97),(984,3,97),(985,6,97),(986,10,97),(987,13,97),(988,10,97),(989,8,97),(990,13,97),(991,10,97),(992,8,97),(993,9,97),(994,13,98),(995,20,98),(996,12,98),(997,13,98),(998,9,98),(999,6,98),(1000,18,98),(1001,11,98),(1002,11,98),(1003,15,98),(1004,14,98),(1005,18,98),(1006,16,98),(1007,11,98),(1008,11,98),(1009,11,98),(1010,14,98),(1011,8,98),(1012,17,98),(1013,14,98),(1014,13,98),(1015,20,98),(1016,8,98),(1017,10,98),(1018,7,98),(1019,16,98),(1020,5,98),(1029,9,101),(1028,7.5,101),(1027,12.5,101),(1033,9.5,101),(1034,9,101),(1035,10.5,101),(1036,12,101),(1037,15,101),(1038,16,101),(1039,15.5,101),(1040,15,101),(1041,13.5,101),(1042,20,101),(1043,8.5,101),(1044,9,101),(1045,1.5,102),(1046,0.5,102),(1047,3.5,102),(1048,11,102),(1049,6.5,102),(1050,8.5,102),(1051,4,102),(1052,7.5,102),(1053,5,102),(1054,10.5,102),(1055,7.5,102),(1056,11,102),(1057,11.5,102),(1058,18.5,102),(1059,16.5,102),(1060,3.5,102),(1061,15,102),(1062,2.5,102),(1063,7.5,102),(1064,9,102),(1065,6,102),(1066,6.5,102),(1067,13.5,102),(1068,11.5,102),(1069,6,102),(1070,14,102),(1071,4,102),(1072,2.5,102),(1073,4.5,102),(1074,12,102),(1075,6,102),(1076,18,103),(1077,7.5,103),(1078,8.5,103),(1079,13.5,103),(1080,9.5,103),(1081,2,103),(1082,11.5,103),(1083,13.5,103),(1084,9,103),(1085,16,103),(1086,1.5,103),(1087,16.5,103),(1088,15,103),(1089,15.5,103),(1090,7,103),(1091,19,103),(1092,9,103),(1093,10.5,103),(1094,1,104),(1095,16,104),(1096,8,104),(1097,2,104),(1098,8,104),(1099,8,104),(1100,11,104),(1101,8,104),(1102,2,104),(1103,1,104),(1104,8,104),(1105,6,104),(1106,6,104),(1107,4,104),(1108,2,104),(1109,10,104),(1110,6,104),(1111,2,104),(1112,7,104),(1113,7,104),(1114,9,104),(1115,7,104),(1116,8,104),(1117,7,104),(1118,0,104),(1119,11,104),(1120,2,104),(1121,6,105),(1122,11,105),(1123,8,105),(1124,6,105),(1125,11,105),(1126,11,105),(1127,11,105),(1128,8,105),(1129,6,105),(1130,8,105),(1131,8,105),(1132,6,105),(1133,8,105),(1134,12,105),(1135,6,105),(1136,10,105),(1137,4,105),(1138,6,105),(1139,13,105),(1140,8,105),(1141,9,105),(1142,7,105),(1143,9,105),(1144,7,105),(1145,2,105),(1146,11,105),(1147,4,105),(1148,8,106),(1149,7,106),(1150,3,106),(1151,5,106),(1152,11,106),(1153,7,106),(1154,7,106),(1155,3,106),(1156,6,106),(1157,2,106),(1158,2,106),(1159,4,106),(1160,11,106),(1161,7,106),(1162,11,106),(1163,11,106),(1164,1,106),(1165,0,106),(1166,9,106),(1167,11,106),(1168,8.5,106),(1169,7,106),(1170,12,106),(1171,7,106),(1172,6,106),(1173,9,107),(1174,7,107),(1175,8,107),(1176,3,107),(1177,9,107),(1178,7,107),(1179,10,107),(1180,3,107),(1181,7,107),(1182,6,107),(1183,6,107),(1184,4,107),(1185,9,107),(1186,7,107),(1187,7,107),(1188,11,107),(1189,1,107),(1190,11,107),(1191,5,107),(1192,7,107),(1193,10,107),(1194,12,107),(1195,5,107),(1196,4,107),(1197,6,108),(1198,7,108),(1199,7,108),(1200,13,108),(1201,8,108),(1202,1,108),(1203,12,108),(1204,7,108),(1205,13,108),(1206,8,108),(1207,9,108),(1208,8,108),(1209,9,108),(1210,12,108),(1211,11,108),(1212,7,108),(1213,5,108),(1214,3,108),(1215,8,108),(1216,6,108),(1217,15,108),(1218,6,108),(1219,11,108),(1220,6,108),(1221,4,109),(1222,6,109),(1223,9,109),(1224,5,109),(1225,6,109),(1226,6,109),(1227,6,109),(1228,5,109),(1229,10,109),(1230,6,109),(1231,14,109),(1232,9,109),(1233,9,109),(1234,9,109),(1235,7,109),(1236,6,109),(1237,12,109),(1238,6,109),(1239,6,109),(1240,4,109),(1241,9,109),(1242,6,109),(1243,13,109),(1244,9,109),(1245,17,110),(1246,18.5,110),(1247,13.5,110),(1248,18,110),(1249,19,110),(1250,13.5,110),(1251,12.5,110),(1252,14,110),(1253,17,110),(1254,13.5,110),(1255,7,110),(1256,9,110),(1257,14.5,110),(1258,15.5,110),(1259,17,110),(1260,10.5,110),(1261,15.5,110),(1262,17,110),(1263,16.5,110),(1264,18,110),(1265,12.5,110),(1266,18,110),(1267,16,110),(1268,18,110),(1269,8,111),(1270,5,111),(1271,15,111),(1272,14.5,111),(1273,9.5,111),(1274,4,111),(1275,8,111),(1276,8.5,111),(1277,14.5,111),(1278,8.5,111),(1279,14,111),(1280,9,111),(1281,11,111),(1282,16.5,111),(1283,11,111),(1284,9.5,111),(1285,7,111),(1286,7,111),(1287,12,111),(1288,16.5,111),(1289,11.5,111),(1290,9,111),(1291,11,111),(1292,7.5,112),(1293,7,112),(1294,13.5,112),(1295,12.5,112),(1296,8,112),(1297,13,112),(1298,13,112),(1299,7.5,112),(1300,16.5,112),(1301,12.5,112),(1302,9,112),(1303,11.5,112),(1304,14.5,112),(1305,11.5,112),(1306,12.5,112),(1307,11,112),(1308,11,112),(1309,12.5,114),(1310,13.5,114),(1311,13,114),(1312,11,114),(1313,12.5,114),(1314,11,114),(1315,16,114),(1316,16.5,114),(1317,15.5,114),(1318,13.5,114),(1319,13.5,114),(1320,14,114),(1321,15.5,114),(1322,16,114),(1323,6,114),(1324,8.5,114),(1325,19.5,115),(1326,20,115),(1327,6,115),(1328,6,115),(1329,14,115),(1330,7,115),(1331,10,115),(1332,15,115),(1333,18,115),(1334,10,115),(1335,12,115),(1336,10,115),(1337,11,115),(1338,10,115),(1339,15,115),(1340,19,115),(1341,12,115),(1342,11,115),(1343,15,115),(1344,11,115),(1345,12,115),(1346,15,115),(1347,9,115),(1348,12,115),(1349,10,115),(1350,11,115),(1351,11,115),(1352,17,116),(1353,20,116),(1354,13,116),(1355,9,116),(1356,17,116),(1357,0,116),(1358,13,116),(1359,18,116),(1360,11,116),(1361,15,116),(1362,16,116),(1363,9,116),(1364,20,116),(1365,14,116),(1366,15,116),(1367,16,116),(1368,12,116),(1369,9,116),(1370,13,116),(1371,15,116),(1372,13,116),(1373,7,116),(1374,13,116),(1375,9,116),(1376,8,116),(1377,17,116),(1378,9,116),(3273,4,205),(3272,6,205),(3271,7.5,205),(3270,8,205),(3269,7.5,205),(3268,3,205),(3267,5,205),(3266,13.5,205),(3265,3.5,205),(3264,9,205),(3263,5.5,205),(3262,8,204),(3261,14,204),(3260,11.5,204),(3259,6,204),(3258,17,204),(3257,15,204),(3256,7.5,204),(3255,7,204),(3254,9.5,204),(3253,19,204),(3252,17,204),(3251,10.5,204),(3250,13,204),(3249,11,204),(3248,13.5,204),(3247,11.5,204),(3246,10,204),(3245,12,204),(3244,14,204),(3243,8,204),(3242,2,204),(3241,18,204),(3240,14,204),(3239,18,204),(3238,7.5,204),(1451,6,120),(1452,4,120),(1453,6.5,120),(1454,5.5,120),(1455,4,120),(1456,6,120),(1457,4,120),(1458,4,120),(1459,6.5,120),(1460,6,120),(1461,3.5,120),(1462,4,120),(1463,7,120),(1464,3,120),(1465,6.5,120),(1466,7,120),(1467,6,120),(1468,4,120),(1469,6,120),(1470,6,120),(1471,6,120),(1472,5.5,120),(1473,5.5,120),(1474,6,120),(1475,5.5,120),(1476,3,120),(1477,4.5,120),(1478,3,120),(1479,6.5,120),(1480,5.5,120),(1481,6.5,120),(1482,4,120),(1483,11,121),(1484,19,121),(1485,9,121),(1486,7,121),(1487,7,121),(1488,12,121),(1489,9,121),(1490,7,121),(1491,3,121),(1492,11,121),(1493,5,121),(1494,14,121),(1495,1,121),(1496,6,121),(1497,9,121),(1498,7,121),(1499,13,121),(1500,4,121),(1501,10,121),(1502,6,121),(1503,20,122),(1504,14,122),(1505,20,122),(1506,14,122),(1507,17,122),(1508,20,122),(1509,18,122),(1510,18,122),(1511,15,122),(1512,7,122),(1513,18,122),(1514,16,122),(1515,19,122),(1516,11,122),(1517,19,122),(1518,7,122),(1519,17,122),(1520,9,123),(1521,3,123),(1522,10,123),(1523,10,123),(1524,7,123),(1525,15,123),(1526,8,123),(1527,6,123),(1528,10,123),(1529,7,123),(1530,7,123),(1531,9,123),(1532,14,123),(1533,16,123),(1534,6,123),(1535,14,123),(1536,11,123),(1537,12,123),(1538,7,123),(1539,6.75,124),(1540,6.75,124),(1541,6.25,124),(1542,8,124),(1543,9.25,124),(1544,7.5,124),(1545,11.75,124),(1546,5.75,124),(1547,10.5,124),(1548,15,124),(1549,9.25,124),(1550,13.5,124),(1551,13.25,124),(1552,11.5,124),(1553,10,124),(1554,17.5,124),(1555,6.25,124),(1556,7.75,124),(1557,9,125),(1558,6,125),(1559,9,125),(1560,8,125),(1561,10,125),(1562,7,125),(1563,6,125),(1564,9,125),(1565,11,125),(1566,12,125),(1567,7,125),(1568,9,125),(1569,8,125),(1570,7,125),(1571,8,125),(1572,7,125),(1573,8,125),(1574,6,125),(1575,12,125),(1576,10,125),(1577,9,125),(1578,8,125),(1579,8,125),(1580,7,126),(1581,8,126),(1582,9,126),(1583,9,126),(1584,5,126),(1585,9,126),(1586,10,126),(1587,9,126),(1588,7,126),(1589,13,126),(1590,15,126),(1591,7,126),(1592,8,126),(1593,8,126),(1594,8,126),(1595,11,126),(1596,6,126),(1597,11,126),(1598,7,127),(1599,8,127),(1600,10,127),(1601,12,127),(1602,9,127),(1603,10,127),(1604,6,127),(1605,8,127),(1606,8,127),(1607,13,127),(1608,13,127),(1609,10,127),(1610,12,127),(1611,7,127),(1612,9,127),(1613,13,127),(1614,8,127),(1615,5.6,128),(1616,3.5,128),(1617,5.3,128),(1618,11.3,128),(1619,5.6,128),(1620,10.3,128),(1621,10.6,128),(1622,7.7,128),(1623,9.1,128),(1624,13,128),(1625,9,128),(1626,2.3,128),(1627,8.5,128),(1628,13,128),(1629,9.1,128),(1630,14,128),(1631,10.4,128),(1632,7.6,128),(1633,1.5,129),(1634,4.5,129),(1635,0.5,129),(1636,6.5,129),(1637,14,129),(1638,7.5,129),(1639,3,129),(1640,3.5,129),(1641,16.5,129),(1642,10.5,129),(1643,0.5,129),(1644,3,129),(1645,7.5,129),(1646,6,129),(1647,7.5,129),(1648,3,129),(1649,4.5,129),(1650,10.9,130),(1651,4.4,130),(1652,13,130),(1653,8.6,130),(1654,7.8,130),(1655,7.3,130),(1656,5.2,130),(1657,12.4,130),(1658,12,130),(1659,10.8,130),(1660,8.2,130),(1661,5.1,130),(1662,14.4,130),(1663,15.3,130),(1664,12.5,130),(1665,12.7,130),(1666,8.6,130),(1667,12,131),(1668,8,131),(1669,18.5,131),(1670,9.5,131),(1671,16.5,131),(1672,6,131),(1673,14,131),(1674,17,131),(1675,19,131),(1676,11.5,131),(1677,18,131),(1678,17,131),(1679,18,131),(1680,17.5,131),(1681,1.5,131),(1682,13,131),(1683,5.7,132),(1684,0.5,132),(1685,6.5,132),(1686,13.5,132),(1687,3.5,132),(1688,3,132),(1689,2,132),(1690,3.5,132),(1691,3.5,132),(1692,16,132),(1693,5.5,132),(1694,3,132),(1695,9.5,132),(1696,10.5,132),(1697,14.2,132),(1698,1.5,132),(1699,13,132),(1700,4.4,133),(1701,3.8,133),(1702,7.6,133),(1703,5.2,133),(1704,5.3,133),(1705,7.8,133),(1706,1.2,133),(1707,8.4,133),(1708,13.9,133),(1709,5.7,133),(1710,13.2,133),(1711,10,133),(1712,9.4,133),(1713,11.4,133),(1714,7.9,133),(1715,6.7,133),(1716,13,133),(1717,10,133),(1718,6,133),(1719,5.7,133),(1720,10.2,133),(1721,8.6,133),(1722,16.6,133),(1723,9.4,133),(1724,11.5,134),(1725,10,134),(1726,18,134),(1727,18,134),(1728,15,134),(1729,5,134),(1730,5,134),(1731,6.5,134),(1732,3,134),(1733,15,134),(1734,8.5,134),(1735,2,134),(1736,13,134),(1737,16,134),(1738,16.5,134),(1739,7.5,134),(1740,18,134),(1741,17.5,134),(1742,7.5,134),(1743,13,134),(1744,7,134),(1745,9,134),(1746,17.5,134),(1747,5,134),(1748,17,134),(1749,13,134),(1750,4.5,135),(1751,11,135),(1752,8.5,135),(1753,6.5,135),(1754,5.5,135),(1755,16.5,135),(1756,8,135),(1757,7,135),(1758,1.5,135),(1759,15,135),(1760,10.5,135),(1761,3,135),(1762,14,135),(1763,7.5,135),(1764,12,135),(1765,11.4,135),(1766,9.5,135),(1767,5,135),(1768,6,135),(1769,6,135),(1770,4,135),(1771,9.5,135),(1772,8,135),(1773,5,135),(1774,5.5,135),(1775,5,135),(1776,2.5,135),(1777,10.5,135),(1778,11,135),(1779,9,135),(1780,9,135),(1781,4,135),(1782,15.5,136),(1783,17,136),(1784,16,136),(1785,10,136),(1786,12.5,136),(1787,18,136),(1788,13.5,136),(1789,12,136),(1790,8,136),(1791,18,136),(1792,12.5,136),(1793,14,136),(1794,7,136),(1795,15,136),(1796,18,136),(1797,14.5,136),(1798,17.5,136),(1799,16,136),(1800,9.5,136),(1801,12,136),(1802,12.5,136),(1803,13.5,136),(1804,11,136),(1805,14.5,136),(1806,15.5,136),(1807,10,136),(1808,9,136),(1809,12,136),(1810,15,136),(1811,10,136),(1812,14,136),(1813,14.5,136),(1814,12.5,136),(1815,10,136),(1816,7.5,137),(1817,17,137),(1818,10.5,137),(1819,8.5,137),(1820,11,137),(1821,12.5,137),(1822,14,137),(1823,7,137),(1824,5,137),(1825,13,137),(1826,11,137),(1827,12,137),(1828,10,137),(1829,9.5,137),(1830,12.5,137),(1831,12.5,137),(1832,13.5,137),(1833,11,137),(1834,12,137),(1835,11.5,137),(1836,8,137),(1837,7.5,137),(1838,12,137),(1839,14,137),(1840,13.5,137),(1841,8,137),(1842,9.5,137),(1843,7.5,137),(1844,8.5,137),(1845,7,137),(1846,10,137),(1847,12.5,137),(1848,18,137),(1849,12,137),(1850,12,138),(1851,12.5,138),(1852,13,138),(1853,16,138),(1854,14.5,138),(1855,11,138),(1856,15,138),(1857,10.5,138),(1858,13,138),(1859,16.5,138),(1860,12,138),(1861,16.5,138),(1862,20,138),(1863,15,138),(1864,17.5,138),(1865,13.5,138),(1866,15.5,138),(1867,12.5,138),(1868,11,138),(1869,6,138),(1870,10,138),(1871,7.5,138),(1872,14.5,138),(1873,15.5,138),(1874,16.5,138),(1875,17,138),(1876,13,138),(1877,10.5,138),(1878,15,138),(1879,18,138),(1880,5,139),(1881,17,139),(1882,4,139),(1883,7.5,139),(1884,5.5,139),(1885,13,139),(1886,8,139),(1887,9,139),(1888,4,139),(1889,12.5,139),(1890,10,139),(1891,19,139),(1892,14,139),(1893,16.5,139),(1894,17,139),(1895,4.5,139),(1896,18,139),(1897,3,139),(1898,16,139),(1899,12,139),(1900,13.5,139),(1901,11,139),(1902,17,139),(1903,18,139),(1904,6,139),(1905,11,139),(1906,5,139),(1907,10,139),(1908,16,139),(1909,15.5,139),(1910,5,139),(1911,9.25,140),(1912,3.5,140),(1913,8.5,140),(1914,16,140),(1915,6.5,141),(1916,3,141),(1917,10,141),(1918,6,141),(1919,3,141),(1920,8.5,141),(1921,6.5,141),(1922,7.5,141),(1923,5.5,141),(1924,7.25,141),(1925,3,141),(1926,14,141),(1927,11,142),(1928,14.5,142),(1929,7.5,142),(1930,15,142),(1931,14.5,142),(1932,9,142),(1933,4.5,142),(1934,14.5,142),(1935,12,142),(1936,3,142),(1937,17,142),(1938,16,142),(1939,15,142),(1940,19.5,142),(1941,12.5,142),(1942,11.5,142),(1943,12.5,142),(1944,12,142),(1945,9,142),(1946,9.5,142),(1947,12,142),(1948,18.5,142),(1949,18,142),(1950,13,142),(1951,15.5,142),(1952,12,142),(1953,11,142),(1954,10.5,142),(1955,12.5,142),(1956,17.5,142),(1957,7,143),(1958,12.25,143),(1959,11,143),(1960,12.5,143),(1961,9,143),(1962,9.5,143),(1963,8.5,143),(1964,7,143),(1965,14.5,143),(1966,9,143),(1967,10.5,143),(1968,11,143),(1969,14.5,143),(1970,12,143),(1971,11.5,143),(1972,13,143),(1973,12.5,143),(1974,10.5,143),(1975,11.5,143),(1976,8.5,143),(1977,8.5,143),(1978,14,143),(1979,10.5,143),(1980,14.5,143),(1981,12.5,143),(1982,7,144),(1983,6,144),(1984,6,144),(1985,9,144),(1986,11,144),(1987,8,144),(1988,6,144),(1989,6,144),(1990,8,144),(1991,6,144),(1992,7,144),(1993,8,144),(1994,6,144),(1995,12,144),(1996,10,144),(1997,7,144),(1998,6,144),(1999,7,144),(2000,7,144),(2001,8.5,144),(2002,6,144),(2003,7,144),(2004,12,144),(2005,9,144),(2006,6,144),(2007,9,144),(2008,6,144),(2009,7,144),(2010,8,144),(2011,7,144),(2012,10,144),(2013,12.5,142),(2014,8,145),(2015,8,145),(2016,12,145),(2017,10,145),(2018,15,145),(2019,13,145),(2020,10,145),(2021,12,145),(2022,7,145),(2023,8,145),(2024,13,145),(2025,10,145),(2026,14,145),(2027,12,145),(2028,6.5,146),(2029,8.5,146),(2030,12,146),(2031,13,146),(2032,7,146),(2033,9.25,146),(2034,10.25,146),(2035,5,146),(2036,14,146),(2037,9.5,146),(2038,15.5,146),(2039,10.5,146),(2040,12,146),(2041,8,146),(2042,6,146),(2043,9,146),(2044,12.75,146),(2045,8.5,146),(2046,12,146),(2047,11.25,146),(2048,10,146),(2049,12,146),(2050,11,146),(2051,12,146),(2052,12,147),(2053,9,147),(2054,12,147),(2055,15,148),(2056,13,148),(2057,18,148),(2058,14,148),(2059,9,148),(2060,16,148),(2061,12,148),(2062,20,148),(2063,10,148),(2064,17,148),(2065,13,148),(2066,8.5,148),(2067,13,148),(2068,12,148),(2069,14,148),(2070,14,148),(2071,8.5,148),(2072,13,148),(2073,13,149),(2074,15,149),(2075,13.5,149),(2076,14.5,149),(2077,14.5,149),(2078,14,149),(2079,12,149),(2080,15.5,149),(2081,13.5,149),(2082,14.5,149),(2083,14.5,149),(2084,15,149),(2085,14,150),(2086,13.5,150),(2087,14,150),(2088,14.5,150),(2089,14,150),(2090,14,150),(2091,12,150),(2092,11,151),(2093,13.5,151),(2094,17.5,151),(2095,13,151),(2096,17.5,151),(2097,16,151),(2098,6,151),(2099,19.5,152),(2100,16.5,152),(2101,13.5,152),(2102,14,152),(2103,5,152),(2104,11.5,152),(2105,15.5,152),(2106,15.5,152),(2107,11.5,152),(2108,13,152),(2109,14.5,152),(2110,13.5,152),(2111,15,152),(2112,15.5,152),(2113,19,152),(2114,9,152),(2115,9.5,152),(2116,7.5,153),(2117,2.5,153),(2118,9.5,153),(2119,15.5,153),(2120,7.7,153),(2121,19.5,153),(2122,11,153),(2123,18.2,153),(2124,4.5,153),(2125,16.5,153),(2126,4,153),(2127,3,153),(2128,8,153),(2129,15,153),(2130,4.7,153),(2131,7,153),(2132,17.5,153),(2133,6,153),(2134,4,154),(2135,8,154),(2136,9.5,154),(2137,12.5,154),(2138,12,154),(2139,10,154),(2140,6,154),(2141,11,154),(2142,7.5,154),(2143,12,154),(2144,8,154),(2145,6,154),(2146,12,154),(2147,8,154),(2148,14.5,154),(2149,10,154),(2150,15,154),(2151,5,154),(2152,12.5,154),(2153,11,154),(2154,11,154),(2155,6,154),(2156,19,154),(2157,12,154),(2158,6.5,154),(2159,9.5,154),(2160,8,154),(2161,10,154),(2162,10,154),(2163,8,154),(2164,9,154),(2165,14,155),(2166,10,155),(2167,14,155),(2168,10,155),(2169,11.5,155),(2170,10,155),(2171,15,156),(2172,8.75,156),(2173,8.5,156),(2174,8.5,156),(2175,15.5,156),(2176,10,156),(2177,12,156),(2178,11.5,157),(2179,15.5,157),(2180,17,157),(2181,19,157),(2182,10.5,157),(2183,9,157),(2184,18.5,157),(2185,14.5,157),(2186,9,157),(2187,14.5,157),(2188,16,157),(2189,16,157),(2190,6.5,157),(2191,12.5,157),(2192,14.5,157),(2193,12.5,157),(2194,15.5,157),(2195,7.5,157),(2196,11.5,157),(2197,16.5,157),(2198,7.5,157),(2199,20,157),(2200,12,158),(2201,18,158),(2202,14,158),(2203,19,158),(2204,11.5,158),(2205,13.5,158),(2206,18.5,158),(2207,16.5,158),(2208,7,158),(2209,9.5,158),(2210,13,158),(2211,9,158),(2212,8,158),(2213,10,158),(2214,14.5,158),(2215,13,158),(2216,13,158),(2217,2,158),(2218,10,158),(2219,18.5,158),(2220,15,158),(2221,20,158),(2222,16,158),(2223,8,159),(2224,18,159),(2225,16,159),(2226,20,159),(2227,10,159),(2228,13,159),(2229,9,159),(2230,16,159),(2231,12,159),(2232,12,159),(2233,9,159),(2234,10,159),(2235,17,159),(2236,5,159),(2237,15,159),(2238,16,159),(2239,15,159),(2240,13,159),(2241,5,159),(2242,2,159),(2243,16,159),(2244,7,159),(2245,14,159),(2246,14,159),(2247,4,160),(2248,13,160),(2249,14,160),(2250,20,160),(2251,10,160),(2252,2,160),(2253,12,160),(2254,12,160),(2255,4,160),(2256,16,160),(2257,18,160),(2258,14,160),(2259,2,160),(2260,15,160),(2261,11,160),(2262,9,160),(2263,7,160),(2264,11,160),(2265,19,160),(2266,14,160),(2267,19,160),(2268,11,160),(2269,6.5,161),(2270,15.5,161),(2271,14.5,161),(2272,17,161),(2273,8,161),(2274,12.5,161),(2275,9,161),(2276,7.5,161),(2277,12,161),(2278,9.5,161),(2279,11,161),(2280,6.5,161),(2281,17,161),(2282,17.5,161),(2283,15,161),(2284,10.5,161),(2285,10.5,161),(2286,16.5,161),(2287,7,161),(2288,6.5,161),(2289,3,161),(2290,9.5,161),(2291,3.5,161),(2292,20,161),(2293,12.5,161),(2294,20,161),(2295,13.5,161),(2296,18.5,157),(2297,14.5,162),(2298,20,162),(2299,8,162),(2300,9.5,162),(2301,18,162),(2302,1.5,162),(2303,12.5,162),(2304,16.5,162),(2305,8.5,162),(2306,8.5,162),(2307,16.5,162),(2308,8,162),(2309,17.5,162),(2310,8,162),(2311,6,162),(2312,13.5,162),(2313,8,162),(2314,4,162),(2315,10.5,162),(2316,9,162),(2317,7,162),(2318,12.5,162),(2319,7.5,162),(2320,7,162),(2321,10,162),(2322,9.5,162),(2323,3,162),(2324,11,163),(2325,7.5,163),(2326,4.5,163),(2327,10.5,163),(2328,5,163),(2329,9.5,163),(2330,9.5,163),(2331,10,163),(2332,5.5,163),(2333,14.5,163),(2334,2.5,163),(2335,6,163),(2336,13,163),(2337,16,163),(2338,6,163),(2339,17,163),(2340,2,163),(2341,8.5,163),(2342,12.5,164),(2343,18,164),(2344,11,164),(2345,7.5,164),(2346,11.5,164),(2347,15,164),(2348,9.5,164),(2349,12.5,164),(2350,6.5,164),(2351,14,164),(2352,14,164),(2353,16.5,164),(2354,9,164),(2355,15,164),(2356,10,164),(2357,16.5,164),(2358,16,164),(2359,14,164),(2360,6.5,164),(2361,8,164),(2362,18,164),(2363,6,164),(2364,8.5,164),(2365,12,164),(2366,9.5,164),(2367,5,164),(2368,12.5,164),(2369,10.5,164),(2370,13,164),(2371,8.5,164),(2372,13,164),(2373,11.5,164),(2374,6,164),(2375,4,164),(2376,13,165),(2377,8,165),(2378,10,165),(2379,10,165),(2380,10,165),(2381,12,165),(2382,8,165),(2383,9,165),(2384,9,165),(2385,10,165),(2386,11,165),(2387,11,165),(2388,10,165),(2389,10,165),(2390,9,165),(2391,8,165),(2392,6,165),(2393,6,165),(2394,10,165),(2395,9,165),(2396,10,165),(2397,9,165),(2398,6,165),(2399,12,165),(2400,13,166),(2401,9,167),(2402,11,167),(2403,12,167),(2404,11,167),(2405,13,167),(2406,12,167),(2407,12,167),(2408,13,167),(2409,9,167),(2410,11,167),(2411,13,167),(2412,9,167),(2413,15,168),(2414,19,169),(2415,19,169),(2416,16.5,169),(2417,18,169),(2418,18,169),(2419,15.5,169),(2420,12,169),(2421,10.5,169),(2422,14,169),(2423,15,169),(2424,8.5,169),(2425,15.5,169),(2426,17,169),(2427,11,169),(2428,5.5,169),(2429,8,169),(2430,11,169),(2431,17,169),(2432,17,169),(2433,17.5,169),(2434,10.5,169),(2435,15.5,169),(2436,18,169),(2440,19.5,170),(2441,12.5,170),(2442,9,170),(2443,17,170),(2444,10,170),(2445,13.5,170),(2446,10.5,170),(2447,9.5,170),(2448,9.5,170),(2449,12,170),(2450,6.5,170),(2451,14,170),(2452,12,170),(2453,2,170),(2454,16,170),(2455,4,170),(2456,9.5,170),(2457,10.5,170),(2458,10,170),(2459,10,170),(2460,6,170),(2461,15,170),(2462,7.5,170),(2463,4.5,170),(2464,13,170),(2465,9,170),(2466,14.5,121),(2467,5.5,121),(2468,9.5,121),(2469,10.5,121),(2470,5.5,121),(2471,6.5,121),(2472,12.5,171),(2473,11,171),(2474,15,171),(2475,11.5,171),(2476,12,171),(2477,16,172),(2478,7.5,172),(2479,14,172),(2480,6.5,172),(2481,7,172),(2482,13.5,173),(2483,6,173),(2484,18,173),(2485,12,173),(2486,14,173),(2487,12.5,173),(2488,13.5,173),(2489,12,173),(2490,19.5,173),(2491,12.5,173),(2492,12,173),(2493,10.5,173),(2494,10.5,173),(2495,15,173),(2496,13,173),(2497,13.5,173),(2498,1,173),(2499,10.5,173),(2500,10,173),(2501,9.5,173),(2502,10,173),(2503,12.5,173),(2504,9.5,173),(2505,8,173),(2506,9,173),(2507,7.5,173),(2508,14.5,173),(2509,18,173),(2510,6,173),(2511,2.5,173),(2512,3.5,173),(2513,8.5,173),(2514,16,173),(2515,6.5,173),(2516,15.5,173),(2517,14,173),(2518,6.5,173),(2519,12.5,123),(2520,8.5,123),(2521,16.5,123),(2522,15.5,123),(2523,7.5,123),(2524,10.5,123),(2525,4.5,123),(2526,6.5,123),(2527,15.5,123),(2528,8.5,123),(2529,4.5,123),(2530,8.5,123),(2531,16.5,123),(2532,6.5,123),(2533,5.5,123),(2534,7.5,123),(2535,10.5,123),(2536,18.5,122),(2537,18.5,122),(2538,15.5,122),(2539,16.5,122),(2540,14.5,122),(2541,15.5,122),(2542,15.5,122),(2543,14.5,122),(2544,15.5,122),(2545,16.5,122),(2546,11.5,122),(2547,12.5,122),(2548,16.5,122),(2549,17.5,122),(2550,13.5,122),(2551,11.5,122),(2552,18.5,122),(2553,18.5,122),(2554,15.5,122),(2555,16,174),(2556,13,174),(2557,19,174),(2558,13,174),(2559,17,174),(2560,11,174),(2561,15,174),(2562,7,174),(2563,18,174),(2564,13.5,174),(2565,9,174),(2566,20,174),(2567,13,174),(2568,19.5,174),(2569,12,174),(2570,17.5,174),(2571,19,174),(2572,14,174),(2573,11.5,174),(2574,14.5,174),(2575,16,174),(2576,17,174),(2577,15,174),(2578,16.5,174),(2579,20,174),(2580,16.5,174),(2581,15.5,174),(2582,19.5,174),(2583,18.5,174),(2584,11,174),(2585,19,174),(2586,14,174),(2587,14,174),(2588,14,174),(2589,5.5,175),(2590,3.5,175),(2591,17.5,175),(2592,9.5,175),(2593,11.5,175),(2594,10,175),(2595,8.5,175),(2596,7,175),(2597,11.5,175),(2598,10.5,175),(2599,10,175),(2600,10.5,175),(2601,7.5,175),(2602,10,175),(2603,5,175),(2604,7,175),(2605,14,175),(2606,11,175),(2607,8,175),(2608,6,175),(2609,15.5,175),(2610,7.5,175),(2611,10,175),(2612,8,175),(2613,17.5,175),(2614,13,175),(2615,11,175),(2616,12.5,175),(2617,16.5,175),(2618,9,175),(2619,17.5,175),(2620,11,175),(2621,7.5,175),(2622,7.5,175),(2623,5.5,176),(2624,12,176),(2625,17.5,176),(2626,13.5,176),(2627,15.5,176),(2628,14,176),(2629,13.5,176),(2630,8.5,176),(2631,13,176),(2632,12,176),(2633,7,176),(2634,19,176),(2635,14.5,176),(2636,18,176),(2637,13.5,176),(2638,16.5,176),(2639,14,176),(2640,13,176),(2641,13.5,176),(2642,13.5,176),(2643,16.5,176),(2644,13.5,176),(2645,10.5,176),(2646,13.5,176),(2647,18,176),(2648,13,176),(2649,13,176),(2650,11,176),(2651,17,176),(2652,5.5,176),(2653,16.5,176),(2654,13.5,176),(2655,16,176),(2656,12.5,176),(2658,5,178),(2659,8.5,178),(2660,5,178),(2661,13,178),(2662,8,178),(2663,7.5,178),(2664,5,178),(2665,6.5,178),(2666,8,178),(2667,11,178),(2668,10,178),(2669,8.5,178),(2670,8.5,178),(2671,11.5,178),(2672,12,178),(2673,8.5,178),(2674,5.5,178),(2675,10.5,178),(2676,10.5,178),(2677,9,178),(2678,9,178),(2679,10.5,178),(2680,12,178),(2681,12,178),(2682,8,178),(2683,8.5,178),(2684,11,178),(2685,11,178),(2686,7.5,178),(2687,11.5,178),(2688,7.5,178),(2689,15,179),(2690,16,179),(2691,13,179),(2692,17,179),(2693,13,179),(2694,12,179),(2695,17,179),(2696,17,179),(2697,17,179),(2698,17,179),(2699,13,179),(2700,17,179),(2701,17,179),(2702,15,179),(2703,15,179),(2704,15,179),(2705,17,179),(2706,17,179),(2707,17,179),(2708,13,179),(2709,17,179),(2710,16,179),(2711,17,179),(2712,16,179),(2713,12,179),(2714,16,179),(2715,16,179),(2716,17,179),(2717,11,180),(2718,10,180),(2719,10,180),(2720,14,180),(2721,8,180),(2722,9,180),(2723,15,180),(2724,11,180),(2725,10,180),(2726,12,180),(2727,13,180),(2728,5,180),(2729,8,180),(2730,13,180),(2731,12.5,181),(2732,3.5,181),(2733,15,181),(2734,4,181),(2735,8,181),(2736,10.5,181),(2737,12,181),(2738,4.5,181),(2739,10,181),(2740,9,181),(2741,13,181),(2742,6.5,181),(2743,6.5,181),(2744,11.5,181),(2745,10.5,181),(2746,7.5,181),(2747,5.5,181),(2748,8,181),(2749,9.5,181),(2750,3.5,181),(2751,12.5,181),(2752,9.5,181),(2753,5.5,181),(2754,5.5,181),(2755,6.5,181),(2756,5.5,181),(2757,10.5,181),(2758,11.5,181),(2759,8.5,181),(2760,6.5,181),(2761,7.5,181),(2762,6.5,181),(2763,12.5,181),(2764,3.5,181),(2765,12.5,181),(2766,7.5,181),(2767,7.5,181),(2768,3.5,182),(2769,3.5,182),(2770,3.5,182),(2771,5,182),(2772,8,182),(2773,7.5,182),(2774,5,182),(2775,7.5,182),(2776,7,182),(2777,5.5,182),(2778,4,182),(2779,3,182),(2780,6.5,182),(2781,3,182),(2782,3.5,182),(2783,9,182),(2784,5.5,182),(2785,3.5,182),(2786,3.5,182),(2787,8.25,183),(2788,15.25,183),(2789,7.75,183),(2790,3,183),(2791,9,183),(2792,10.75,183),(2793,15.75,183),(2794,11,183),(2795,4,183),(2796,6,184),(2797,18,184),(2798,17,184),(2799,4,184),(2800,14,184),(2801,15,184),(2802,18,184),(2803,9,184),(2804,12,169),(2805,15,169),(2806,11,179),(2807,16,179),(2808,16,179),(2809,12,185),(2810,10,185),(2811,9.5,185),(2812,16,185),(2813,10.5,185),(2814,14,185),(2815,5.5,185),(2816,10,185),(2817,8,185),(2818,12.5,185),(2819,6.5,185),(2820,12,185),(2821,12,185),(2822,16.5,185),(2823,17.5,185),(2824,8,185),(2825,12.5,185),(2826,6,185),(2827,9.5,185),(2828,14,185),(2829,10,185),(2830,12,185),(2831,11,185),(2832,17,185),(2833,13,185),(2834,15.5,185),(2835,10,185),(2836,7.5,185),(2837,13.5,185),(2838,13.5,185),(2839,12,185),(2840,9,186),(2841,12.5,186),(2842,11,186),(2843,8.5,186),(2844,13.5,186),(2845,11,186),(2846,9.5,186),(2847,8.5,186),(2848,7.5,186),(2849,14,186),(2850,13,186),(2851,12.5,186),(2852,2,186),(2853,9,186),(2854,11.5,186),(2855,13,186),(2856,15,186),(2857,16,186),(2858,6,186),(2859,10,186),(2860,9,186),(2861,9,186),(2862,4,186),(2863,12.5,186),(2864,12.5,186),(2865,7.5,186),(2866,6.5,186),(2867,10,186),(2868,10,186),(2869,9,186),(2870,10.5,186),(2871,9.5,186),(2872,11.5,186),(2873,7,186),(3237,12.5,204),(3236,15.5,204),(3235,10.5,204),(3234,19,204),(3233,9,204),(3232,17.5,204),(3231,18.5,204),(3230,11,204),(3225,7.33,203),(3224,10,203),(3223,5.33,203),(3222,9.33,203),(3221,7,203),(3220,8,203),(3219,8.33,202),(3218,12.66,202),(3217,14.66,202),(3216,15.33,202),(3215,5,202),(3214,10,202),(3213,14.33,201),(3212,9.33,201),(3211,11.33,201),(3210,12,201),(3209,9,201),(3208,14,201),(3207,9.33,201),(3206,9.66,201),(3205,14,201),(3204,10,201),(3203,16,201),(3202,9,201),(3229,14.5,204),(3228,17.5,204),(3227,12,204),(3226,13,204),(2910,15.5,188),(2911,10,188),(2912,13,188),(2913,4,188),(2914,6.5,188),(2915,12.5,188),(2916,14.5,188),(2917,8.5,188),(2918,18,188),(2919,12.5,188),(2920,15,188),(2921,8,188),(2922,9.5,188),(2923,13.5,188),(2924,17.5,188),(2925,8,188),(2926,12.5,188),(2927,3.5,188),(2928,15,188),(2929,8.5,188),(2930,10,188),(2931,10,188),(2932,9,188),(2933,16.5,188),(2934,16.5,188),(2935,8,188),(2936,6,188),(2937,14,188),(2938,9,188),(2939,10,188),(2940,15.5,188),(2941,8,188),(2942,11,188),(2943,14,188),(2944,13.5,188),(2982,5.25,190),(2983,7.5,190),(2984,4.5,190),(2985,4,190),(2986,4,190),(2987,4.5,190),(2988,2.5,190),(2989,10.5,190),(2990,6.25,190),(2991,2.25,190),(2992,7.5,191),(2993,7,191),(2994,11.5,191),(2995,9,191),(2996,10.5,191),(2997,14.5,191),(2998,14.5,191),(2999,7,191),(3000,7.5,191),(3001,17.5,191),(3002,12.5,191),(3003,4,191),(3004,9.5,191),(3005,11.5,191),(3006,7.5,191),(3007,16.5,191),(3008,13.5,191),(3009,7.5,191),(3010,9,192),(3011,10.5,192),(3012,6.5,192),(3013,10.5,192),(3014,8.5,192),(3015,7.5,192),(3016,7.5,192),(3017,6,192),(3018,8.5,192),(3019,10,192),(3020,4,192),(3021,11.5,192),(3022,7,192),(3023,12,192),(3024,12.5,192),(3025,8.5,192),(3026,12,192),(3027,9,192),(3028,7.5,192),(3029,8,192),(3030,7.5,192),(3031,9.5,192),(3032,12.5,192),(3033,16,192),(3034,8.5,192),(3035,11,192),(3036,6,192),(3037,6.5,192),(3038,10,192),(3039,12,192),(3040,5.5,192),(3041,13.5,194),(3042,7.5,194),(3043,11,194),(3044,7,194),(3045,10.5,194),(3046,12,194),(3047,10.5,194),(3048,7,194),(3049,13,194),(3050,7.5,194),(3051,6.5,194),(3052,11.5,194),(3053,9,194),(3054,9.5,194),(3055,9.5,194),(3056,11,194),(3057,9.5,194),(3058,9.5,194),(3059,8.5,194),(3060,6.5,194),(3061,4,194),(3062,9.5,194),(3063,9.5,194),(3064,7.5,194),(3065,8,194),(3066,9.5,194),(3067,11,194),(3068,12,194),(3069,12.5,194),(3070,6.5,194),(3071,9,194),(3072,12.5,194),(3073,9.5,194),(3074,10.5,194),(3075,6,194),(3076,8.5,194),(3077,13,195),(3078,3,195),(3079,11,195),(3080,4,195),(3081,7,195),(3082,8,195),(3083,14,195),(3084,9,195),(3085,10,195),(3086,5,195),(3087,4,195),(3088,7,195),(3089,7,195),(3090,12,195),(3091,5,195),(3092,5,195),(3093,8,195),(3094,6,195),(3095,8,195),(3096,3,195),(3097,8,195),(3098,5,195),(3099,6,195),(3100,4,195),(3101,6,195),(3102,7,195),(3103,8,195),(3104,4,195),(3105,6,195),(3106,7,195),(3107,7,195),(3108,8,195),(3109,5,195),(3110,9,195),(3111,6,195),(3112,4,195),(3120,6,197),(3119,12,197),(3118,4.75,197),(3117,10.66,197),(3121,6,197),(3122,12.33,197),(3123,7.75,197),(3124,14.25,197),(3125,10.5,197),(3126,15,197),(3127,7.5,197),(3128,14.75,197),(3129,13,197),(3130,11.25,197),(3131,10.25,197),(3132,16.5,197),(3133,14,197),(3134,13.66,197),(3135,8.25,197),(3136,7,197),(3137,8.75,197),(3138,11.66,197),(3139,0.5,197),(3185,13,199),(3184,13,199),(3183,12.5,199),(3182,10.5,199),(3181,10.5,199),(3180,11.5,199),(3179,13,199),(3178,10,199),(3177,14,199),(3176,13,199),(3175,13,199),(3174,10,199),(3173,14,199),(3172,12.5,199),(3171,14,199),(3170,11.5,199),(3169,14,199),(3168,16.5,199),(3167,13,199),(3166,12.5,199),(3165,13,199),(3164,11.5,199),(3163,16.5,199),(3186,10.5,199),(3187,14,199),(3188,12,199),(3189,12,199),(3190,14,199),(3191,11.5,199),(3192,13,199),(3193,12.5,199),(3194,13,199),(3195,12.5,199),(3196,12.5,199),(3197,14,199),(3274,9,205),(3275,4,205),(3276,14.5,205),(3277,19.5,205),(3278,3,205),(3279,11,205),(3280,6,205),(3281,6.5,205),(3282,5.5,205),(3283,3.5,205),(3284,10.5,205),(3285,12,205),(3286,9,205),(3287,8.5,205),(3288,12,205),(3289,7,205),(3290,8,205),(3291,9,205),(3292,11,205),(3293,9,205),(3294,15,206),(3295,8,206),(3296,13,206),(3297,16,206),(3298,11.5,206),(3299,12,206),(3300,5,206),(3301,12,206),(3302,11.5,206),(3303,12,206),(3304,12,206),(3305,12,206),(3306,13,206),(3307,10.5,206),(3308,14,206),(3309,15,206),(3310,13,206),(3311,10.5,206),(3312,12.5,206),(3313,14,206),(3314,14,206),(3315,9,206),(3316,14,206),(3317,14.5,206),(3318,10,206),(3319,13,206),(3320,10,206),(3321,13,206),(3322,15,206),(3323,15,206),(3324,14,206),(3325,10.5,206),(3326,12.25,207),(3327,8.5,207),(3328,8.25,207),(3329,14,207),(3330,13.75,207),(3331,10.5,207),(3332,8.75,207),(3333,8.75,207),(3334,12.5,207),(3335,10.75,207),(3336,13.75,207),(3337,7,207),(3338,11.5,207),(3339,13.5,207),(3340,13,207),(3341,12,207),(3342,7.25,207),(3343,9,207),(3344,11,207),(3345,12,207),(3346,10.5,207),(3347,11,207),(3348,10,207),(3349,10,207),(3350,10,207),(3351,8,207),(3352,10.75,207),(3353,9.25,207),(3354,13,207),(3355,10,207),(3356,7.25,207),(3357,9,207),(3358,12,208),(3359,14,208),(3360,7.5,208),(3361,9.5,208),(3362,2.5,208),(3363,12.5,208),(3364,8.5,208),(3365,6,208),(3366,7.5,208),(3367,12,208),(3368,12,208),(3369,11,208),(3370,15.5,208),(3371,9.5,208),(3372,6.5,208),(3373,19,208),(3374,12,208),(3375,7,208),(3376,16,110),(3377,12.16,209),(3378,15.16,209),(3379,15,210),(3380,17.5,210),(3381,15,210),(3382,11,211),(3383,9.5,211),(3384,8.5,211),(3385,16.5,211),(3386,6,212),(3387,10.35,212),(3388,9.5,212),(3389,11.35,212),(3390,10.25,212),(3391,10.25,212),(3392,7.87,212),(3393,6.5,212),(3394,5.75,212),(3395,10.75,212),(3396,4.65,212),(3397,15.5,212),(3398,13.25,213),(3399,13.5,213),(3400,15.5,213),(3401,7,213),(3402,16,213),(3403,5,213),(3404,12.5,213),(3405,12,213),(3406,14,213),(3407,11.5,213),(3408,9.5,213),(3409,10.5,213),(3410,8.5,213),(3411,13,213),(3412,14.5,213),(3413,8,213),(3414,8.25,213),(3415,7.25,213),(3416,11,213),(3417,11,213),(3418,10.5,213),(3419,14.5,214),(3420,14.5,214),(3421,12.5,214),(3422,14,214),(3423,17.75,214),(3424,13,214),(3425,16.5,214),(3426,12.25,214),(3427,8.75,214),(3428,12.5,214),(3429,10.25,214),(3430,11.75,214),(3431,9,214),(3432,11,214),(3433,18,214),(3434,10.5,214),(3435,13,214),(3436,8.5,214),(3437,16.5,214),(3438,10.5,214),(3439,15,214);
UNLOCK TABLES;
/*!40000 ALTER TABLE `NOTE` ENABLE KEYS */;

--
-- Table structure for table `OBTIENT`
--

DROP TABLE IF EXISTS `OBTIENT`;
CREATE TABLE `OBTIENT` (
  `id_eleve` int(2) NOT NULL default '0',
  `id_note` int(2) NOT NULL default '0',
  KEY `fkNOTE` (`id_note`),
  KEY `fkELEVE` (`id_eleve`)
) ENGINE=MyISAM DEFAULT CHARSET=latin1;

--
-- Dumping data for table `OBTIENT`
--


/*!40000 ALTER TABLE `OBTIENT` DISABLE KEYS */;
LOCK TABLES `OBTIENT` WRITE;
INSERT INTO `OBTIENT` VALUES (115,0),(114,0),(113,0),(111,0),(110,0),(109,0),(7,0),(8,0),(9,0),(10,0),(11,0),(108,0),(13,0),(14,0),(15,0),(107,0),(17,0),(18,0),(106,0),(20,0),(21,0),(168,15),(23,0),(24,0),(167,14),(112,0),(116,0),(117,0),(118,0),(119,0),(120,0),(121,0),(122,0),(123,0),(124,0),(125,0),(126,0),(127,0),(128,0),(129,0),(130,0),(169,16),(170,0),(171,0),(172,0),(173,0),(174,0),(175,0),(176,0),(177,0),(178,0),(179,0),(180,0),(181,0),(167,24),(89,0),(168,25),(169,26),(4,0),(5,0),(6,0),(7,0),(8,0),(9,0),(10,0),(11,0),(12,0),(13,0),(14,0),(15,0),(16,0),(17,0),(18,0),(19,0),(20,0),(21,0),(22,0),(23,0),(24,0),(170,27),(171,28),(172,29),(173,30),(174,31),(175,32),(176,33),(177,34),(178,35),(179,36),(180,37),(181,38),(1,7),(2,0),(3,0),(4,0),(5,0),(6,0),(7,0),(8,0),(9,0),(10,0),(11,0),(12,0),(13,0),(14,0),(15,0),(16,0),(17,0),(18,0),(19,0),(20,0),(21,0),(22,0),(23,0),(24,0),(180,39),(240,0),(239,0),(91,73),(4,0),(5,0),(6,0),(7,0),(8,0),(9,0),(90,72),(11,0),(12,0),(13,0),(89,71),(15,0),(16,0),(17,0),(18,0),(19,0),(20,0),(21,0),(22,0),(23,0),(24,0),(88,70),(104,46),(105,0),(106,47),(107,48),(108,49),(109,50),(110,51),(111,52),(113,53),(114,54),(115,55),(112,0),(116,56),(117,57),(118,58),(119,59),(120,60),(121,61),(122,62),(123,63),(124,64),(125,65),(126,66),(127,67),(128,0),(129,68),(130,69),(238,0),(237,0),(236,0),(272,0),(235,0),(234,0),(233,0),(276,0),(277,0),(278,0),(232,0),(280,0),(231,0),(282,0),(283,0),(284,0),(285,0),(286,0),(287,0),(288,0),(289,0),(290,0),(291,0),(292,0),(293,0),(294,0),(295,0),(296,0),(297,0),(298,0),(299,0),(300,0),(230,15),(241,0),(242,0),(243,0),(244,0),(245,0),(246,0),(247,0),(248,0),(249,0),(250,0),(251,0),(252,0),(253,0),(254,0),(255,0),(256,0),(257,0),(258,0),(259,0),(260,0),(261,0),(262,0),(263,0),(264,0),(265,0),(266,0),(232,0),(233,0),(234,0),(235,0),(236,0),(237,0),(238,0),(239,0),(240,0),(241,0),(242,0),(243,0),(244,0),(245,0),(246,0),(247,0),(248,0),(249,0),(250,0),(251,0),(252,0),(253,0),(254,0),(255,0),(256,0),(257,0),(258,0),(259,0),(260,0),(261,0),(262,0),(263,0),(264,0),(265,0),(266,0),(231,0),(232,0),(233,0),(234,0),(235,0),(236,0),(237,0),(238,0),(239,0),(240,0),(241,0),(242,0),(243,0),(244,0),(245,0),(246,0),(247,0),(248,0),(249,0),(250,0),(251,0),(252,0),(253,0),(254,0),(255,0),(256,0),(257,0),(258,0),(259,0),(260,0),(261,0),(262,0),(263,0),(264,0),(265,0),(266,0),(231,0),(232,0),(233,0),(234,0),(235,0),(236,0),(237,0),(238,0),(239,0),(240,0),(241,0),(242,0),(243,0),(244,0),(245,0),(246,0),(247,0),(248,0),(249,0),(250,0),(251,0),(252,0),(253,0),(254,0),(255,0),(256,0),(257,0),(258,0),(259,0),(260,0),(261,0),(262,0),(263,0),(264,0),(265,0),(266,0),(232,0),(231,0),(232,0),(233,0),(234,0),(235,0),(236,0),(237,0),(238,0),(239,0),(240,0),(241,0),(242,0),(243,0),(244,0),(245,0),(246,0),(247,0),(248,0),(249,0),(250,0),(251,0),(252,0),(253,0),(254,0),(255,0),(256,0),(257,0),(258,0),(259,0),(260,0),(261,0),(262,0),(263,0),(264,0),(265,0),(266,0),(233,0),(233,0),(234,0),(235,0),(236,0),(237,0),(238,0),(239,0),(240,0),(241,0),(242,0),(243,0),(244,0),(245,0),(246,0),(247,0),(248,0),(249,0),(250,0),(251,0),(252,0),(253,0),(254,0),(255,0),(256,0),(257,0),(258,0),(259,0),(260,0),(261,0),(262,0),(263,0),(264,0),(265,0),(266,0),(230,21),(231,0),(232,0),(233,0),(234,0),(235,0),(236,0),(237,0),(238,0),(239,0),(240,0),(241,0),(242,0),(243,0),(244,0),(245,0),(246,0),(247,0),(248,0),(249,0),(250,0),(251,0),(252,0),(253,0),(254,0),(255,0),(256,0),(257,0),(258,0),(259,0),(260,0),(261,0),(262,0),(263,0),(264,0),(265,0),(266,0),(234,0),(235,0),(236,0),(237,0),(238,0),(239,0),(240,0),(241,0),(242,0),(243,0),(244,0),(245,0),(246,0),(247,0),(248,0),(249,0),(250,0),(251,0),(252,0),(253,0),(254,0),(255,0),(256,0),(257,0),(258,0),(259,0),(260,0),(261,0),(262,0),(263,0),(264,0),(265,0),(266,0),(232,0),(233,0),(234,0),(235,0),(236,0),(237,0),(238,0),(239,0),(240,0),(241,0),(242,0),(243,0),(244,0),(245,0),(246,0),(247,0),(248,0),(249,0),(250,0),(251,0),(252,0),(253,0),(254,0),(255,0),(256,0),(257,0),(258,0),(259,0),(260,0),(261,0),(262,0),(263,0),(264,0),(265,0),(266,0),(232,0),(233,0),(234,0),(235,0),(236,0),(237,0),(238,0),(239,0),(240,0),(241,0),(242,0),(243,0),(244,0),(245,0),(246,0),(247,0),(248,0),(249,0),(250,0),(251,0),(252,0),(253,0),(254,0),(255,0),(256,0),(257,0),(258,0),(259,0),(260,0),(261,0),(262,0),(263,0),(264,0),(265,0),(266,0),(25,23),(231,0),(232,0),(233,0),(234,0),(235,0),(236,0),(237,0),(238,0),(239,0),(240,0),(241,0),(242,0),(243,0),(244,0),(245,0),(246,0),(247,0),(248,0),(249,0),(250,0),(251,0),(252,0),(253,0),(254,0),(255,0),(256,0),(257,0),(258,0),(259,0),(260,0),(261,0),(262,0),(263,0),(264,0),(265,0),(266,0),(26,0),(27,100),(28,0),(29,101),(30,102),(31,103),(32,104),(33,105),(34,106),(35,107),(36,108),(37,109),(38,110),(39,0),(40,111),(41,112),(42,113),(43,114),(44,115),(45,116),(46,117),(47,118),(49,119),(48,0),(50,120),(51,0),(230,121),(231,0),(232,0),(233,0),(234,122),(235,123),(236,124),(237,0),(238,125),(239,126),(240,127),(241,0),(242,128),(243,0),(244,129),(245,130),(246,131),(247,0),(248,0),(249,132),(250,133),(251,134),(252,0),(253,135),(254,136),(255,137),(256,138),(257,139),(258,0),(259,140),(260,141),(261,142),(262,143),(263,0),(264,0),(265,144),(266,0),(167,25),(168,0),(169,0),(170,0),(171,0),(172,0),(173,0),(174,0),(175,0),(176,0),(177,0),(178,0),(179,0),(180,0),(181,0),(25,145),(301,146),(302,147),(303,148),(304,0),(305,149),(306,0),(307,150),(317,198),(316,197),(315,196),(314,195),(313,194),(312,0),(311,193),(310,192),(9,0),(10,0),(11,0),(309,191),(308,190),(14,0),(15,0),(16,0),(17,0),(18,0),(19,0),(20,0),(21,0),(22,0),(23,0),(24,0),(167,28),(168,0),(169,0),(170,0),(171,0),(172,0),(173,0),(174,0),(175,0),(176,0),(177,0),(178,0),(179,0),(180,0),(181,0),(26,161),(28,162),(39,163),(320,201),(2,0),(3,0),(4,0),(318,200),(6,0),(319,199),(8,0),(9,0),(10,0),(11,0),(12,0),(13,0),(14,0),(15,0),(16,0),(17,0),(18,0),(19,0),(20,0),(21,0),(22,0),(23,0),(24,0),(104,30),(105,0),(106,0),(107,0),(108,0),(109,0),(110,0),(111,0),(113,0),(114,0),(115,0),(112,0),(116,0),(117,0),(118,0),(119,0),(120,0),(121,0),(122,0),(123,0),(124,0),(125,0),(126,0),(127,0),(128,0),(129,0),(130,0),(48,167),(51,168),(257,0),(256,0),(255,0),(254,0),(253,0),(306,0),(307,0),(252,0),(2,0),(330,210),(4,0),(5,0),(329,209),(7,0),(8,0),(9,0),(10,0),(11,0),(12,0),(13,0),(14,0),(15,0),(16,0),(17,0),(18,0),(19,0),(20,0),(328,208),(22,0),(327,207),(24,0),(326,0),(325,206),(324,205),(323,204),(322,203),(321,202),(307,0),(249,0),(2,0),(3,0),(4,0),(248,0),(6,0),(247,0),(8,0),(9,0),(10,0),(11,0),(259,0),(13,0),(14,0),(15,0),(258,0),(17,0),(18,0),(19,0),(20,0),(21,0),(22,0),(23,0),(24,0),(250,0),(251,0),(246,0),(245,0),(230,226),(231,227),(232,228),(233,229),(234,230),(235,0),(236,0),(237,0),(238,231),(239,0),(240,0),(241,232),(242,0),(243,233),(244,0),(245,234),(246,235),(247,236),(248,0),(249,0),(250,237),(251,0),(252,0),(253,0),(254,0),(255,0),(256,238),(257,0),(258,0),(259,239),(260,0),(261,240),(262,0),(263,241),(264,0),(265,242),(266,0),(189,38),(190,0),(191,0),(192,0),(193,0),(194,0),(195,0),(196,0),(197,0),(244,0),(243,0),(242,0),(241,0),(240,0),(239,0),(238,0),(237,0),(236,0),(235,0),(234,0),(233,0),(232,0),(231,0),(230,50),(260,0),(261,0),(262,0),(263,0),(264,0),(265,0),(266,0),(232,0),(233,0),(234,0),(235,0),(236,0),(237,0),(238,0),(239,0),(240,0),(241,0),(242,0),(243,0),(244,0),(245,0),(246,0),(247,0),(248,0),(249,0),(250,0),(251,0),(252,0),(253,0),(254,0),(255,0),(256,0),(257,0),(258,0),(259,0),(260,0),(261,0),(262,0),(263,0),(264,0),(265,0),(266,0),(232,0),(233,0),(234,0),(235,0),(236,0),(237,0),(238,0),(239,0),(240,0),(241,0),(242,0),(243,0),(244,0),(245,0),(246,0),(247,0),(248,0),(249,0),(250,0),(251,0),(252,0),(253,0),(254,0),(255,0),(256,0),(257,0),(258,0),(259,0),(260,0),(261,0),(262,0),(263,0),(264,0),(265,0),(266,0),(232,0),(233,0),(232,0),(233,0),(234,0),(235,0),(236,0),(237,0),(238,0),(239,0),(240,0),(241,0),(242,0),(243,0),(244,0),(245,0),(246,0),(247,0),(248,0),(249,0),(250,0),(251,0),(252,0),(253,0),(254,0),(255,0),(256,0),(257,0),(258,0),(259,0),(260,0),(261,0),(262,0),(263,0),(264,0),(265,0),(266,0),(234,0),(235,0),(232,0),(233,0),(234,0),(235,0),(236,0),(237,0),(238,0),(239,0),(240,0),(241,0),(242,0),(243,0),(244,0),(245,0),(246,0),(247,0),(248,0),(249,0),(250,0),(251,0),(252,0),(253,0),(254,0),(255,0),(256,0),(257,0),(258,0),(259,0),(260,0),(261,0),(262,0),(263,0),(264,0),(265,0),(266,0),(236,0),(237,0),(238,0),(239,0),(240,0),(241,0),(242,0),(243,0),(244,0),(245,0),(246,0),(247,0),(248,0),(249,0),(250,0),(251,0),(252,0),(253,0),(254,0),(255,0),(256,0),(257,0),(258,0),(259,0),(260,0),(261,0),(262,0),(263,0),(264,0),(265,0),(266,0),(230,46),(231,0),(232,0),(233,0),(234,0),(235,0),(236,0),(237,0),(238,0),(239,0),(240,0),(241,0),(242,0),(243,0),(244,0),(245,0),(246,0),(247,0),(248,0),(249,0),(250,0),(251,0),(252,0),(253,0),(254,0),(255,0),(256,0),(257,0),(258,0),(259,0),(260,0),(261,0),(262,0),(263,0),(264,0),(265,0),(266,0),(235,0),(236,0),(237,0),(238,0),(239,0),(240,0),(241,0),(242,0),(243,0),(244,0),(245,0),(246,0),(247,0),(248,0),(249,0),(250,0),(251,0),(252,0),(253,0),(254,0),(255,0),(256,0),(257,0),(258,0),(259,0),(260,0),(261,0),(262,0),(263,0),(264,0),(265,0),(266,0),(233,0),(231,0),(232,0),(233,0),(234,0),(235,0),(236,0),(237,0),(238,0),(239,0),(240,0),(241,0),(242,0),(243,0),(244,0),(245,0),(246,0),(247,0),(248,0),(249,0),(250,0),(251,0),(252,0),(253,0),(254,0),(255,0),(256,0),(257,0),(258,0),(259,0),(260,0),(261,0),(262,0),(263,0),(264,0),(265,0),(266,0),(234,0),(235,0),(236,0),(237,0),(238,0),(239,0),(236,0),(237,0),(238,0),(239,0),(240,0),(241,0),(242,0),(243,0),(244,0),(245,0),(246,0),(247,0),(248,0),(249,0),(250,0),(251,0),(252,0),(253,0),(254,0),(255,0),(256,0),(257,0),(258,0),(259,0),(260,0),(261,0),(262,0),(263,0),(264,0),(265,0),(266,0),(240,0),(241,0),(242,0),(243,0),(244,0),(245,0),(246,0),(247,0),(248,0),(249,0),(250,0),(251,0),(252,0),(253,0),(254,0),(255,0),(256,0),(257,0),(258,0),(259,0),(260,0),(261,0),(262,0),(263,0),(264,0),(265,0),(266,0),(230,53),(231,0),(232,0),(233,0),(234,0),(235,0),(236,0),(237,0),(238,0),(239,0),(240,0),(241,0),(242,0),(243,0),(244,0),(245,0),(246,0),(247,0),(248,0),(249,0),(250,0),(251,0),(252,0),(253,0),(254,0),(255,0),(256,0),(257,0),(258,0),(259,0),(260,0),(261,0),(262,0),(263,0),(264,0),(265,0),(266,0),(231,0),(232,0),(233,0),(234,0),(235,0),(236,0),(237,0),(238,0),(239,0),(240,0),(241,0),(242,0),(243,0),(244,0),(245,0),(246,0),(247,0),(248,0),(249,0),(250,0),(251,0),(252,0),(253,0),(254,0),(255,0),(256,0),(257,0),(258,0),(259,0),(260,0),(261,0),(262,0),(263,0),(264,0),(265,0),(266,0),(232,0),(233,0),(234,0),(235,0),(236,0),(237,0),(238,0),(239,0),(240,0),(241,0),(242,0),(243,0),(244,0),(245,0),(246,0),(247,0),(248,0),(249,0),(250,0),(251,0),(252,0),(253,0),(254,0),(255,0),(256,0),(257,0),(258,0),(259,0),(260,0),(261,0),(262,0),(263,0),(264,0),(265,0),(266,0),(233,0),(234,0),(232,0),(233,0),(234,0),(235,0),(236,0),(237,0),(238,0),(239,0),(240,0),(241,0),(242,0),(243,0),(244,0),(245,0),(246,0),(247,0),(248,0),(249,0),(250,0),(251,0),(252,0),(253,0),(254,0),(255,0),(256,0),(257,0),(258,0),(259,0),(260,0),(261,0),(262,0),(263,0),(264,0),(265,0),(266,0),(237,0),(238,0),(239,0),(240,0),(241,0),(242,0),(243,0),(244,0),(245,0),(246,0),(247,0),(248,0),(249,0),(250,0),(251,0),(252,0),(253,0),(254,0),(255,0),(256,0),(257,0),(258,0),(259,0),(260,0),(261,0),(262,0),(263,0),(264,0),(265,0),(266,0),(235,0),(234,0),(235,0),(233,0),(234,0),(235,0),(236,0),(237,0),(238,0),(239,0),(240,0),(241,0),(242,0),(243,0),(244,0),(245,0),(246,0),(247,0),(248,0),(249,0),(250,0),(251,0),(252,0),(253,0),(254,0),(255,0),(256,0),(257,0),(258,0),(259,0),(260,0),(261,0),(262,0),(263,0),(264,0),(265,0),(266,0),(236,0),(237,0),(238,0),(239,0),(240,0),(241,0),(242,0),(243,0),(244,0),(245,0),(246,0),(247,0),(248,0),(249,0),(250,0),(251,0),(252,0),(253,0),(254,0),(255,0),(256,0),(257,0),(258,0),(259,0),(260,0),(261,0),(262,0),(263,0),(264,0),(265,0),(266,0),(129,2969),(231,0),(232,0),(233,0),(234,0),(235,0),(236,0),(237,0),(238,0),(239,0),(240,0),(241,0),(242,0),(243,0),(244,0),(245,0),(246,0),(247,0),(248,0),(249,0),(250,0),(251,0),(252,0),(253,0),(254,0),(255,0),(256,0),(257,0),(258,0),(259,0),(260,0),(261,0),(262,0),(263,0),(264,0),(265,0),(266,0),(130,2970),(308,2971),(309,2972),(202,0),(310,2973),(311,2974),(332,0),(198,85),(199,0),(200,0),(201,0),(203,0),(204,0),(205,0),(206,0),(207,0),(208,0),(209,0),(210,0),(211,0),(212,0),(213,0),(214,0),(313,2975),(216,0),(217,0),(218,0),(128,2968),(127,2967),(126,2966),(125,2965),(77,60),(123,2963),(335,2962),(122,2961),(121,2960),(120,2959),(202,0),(119,2958),(118,2957),(117,2956),(116,2955),(230,345),(231,346),(232,347),(233,348),(234,349),(235,350),(236,351),(237,352),(238,353),(239,354),(240,355),(241,356),(242,357),(243,358),(244,359),(245,360),(246,361),(247,362),(248,363),(249,364),(250,365),(251,366),(252,0),(253,367),(254,368),(255,369),(256,370),(257,371),(258,372),(259,373),(260,374),(261,375),(262,376),(263,377),(264,378),(265,379),(266,380),(198,62),(199,0),(200,0),(201,0),(202,0),(203,0),(204,0),(205,0),(206,0),(207,0),(208,0),(209,0),(210,0),(211,0),(212,0),(213,0),(214,0),(137,601),(216,0),(217,0),(218,0),(219,0),(136,600),(135,599),(134,598),(223,0),(133,597),(132,596),(226,0),(131,595),(228,0),(229,0),(114,2953),(113,2952),(111,2951),(110,2950),(109,2949),(97,0),(98,0),(124,2964),(100,0),(101,0),(102,0),(103,0),(115,2954),(108,2948),(107,2947),(106,2946),(148,741),(219,0),(147,740),(146,739),(145,738),(144,737),(143,736),(142,735),(141,734),(140,733),(139,732),(138,731),(230,431),(231,432),(232,433),(233,434),(234,435),(235,436),(236,437),(237,438),(238,439),(239,440),(240,441),(241,442),(242,443),(243,444),(244,445),(245,446),(246,447),(247,448),(248,449),(249,450),(250,451),(251,452),(252,0),(253,453),(254,454),(255,455),(256,456),(257,457),(258,458),(259,459),(260,460),(261,461),(262,462),(263,463),(264,464),(265,465),(266,466),(230,467),(231,468),(232,469),(233,470),(234,471),(235,472),(236,473),(237,474),(238,475),(239,476),(240,477),(241,478),(242,479),(243,480),(244,481),(245,482),(246,483),(247,484),(248,485),(249,486),(250,487),(251,488),(252,0),(253,489),(254,490),(255,491),(256,492),(257,493),(258,494),(259,495),(260,496),(261,497),(262,498),(263,499),(264,500),(265,501),(266,502),(267,68),(268,503),(269,504),(270,0),(271,505),(272,506),(273,0),(274,507),(275,508),(276,509),(277,0),(278,0),(279,510),(280,0),(281,0),(282,0),(283,0),(284,0),(285,511),(286,0),(287,512),(288,0),(289,513),(290,514),(291,515),(292,516),(293,0),(294,517),(295,518),(296,0),(297,519),(298,0),(299,0),(300,520),(198,521),(199,522),(200,523),(201,524),(202,0),(203,525),(204,526),(205,527),(206,528),(207,529),(208,530),(209,531),(210,532),(211,533),(212,534),(213,535),(214,536),(215,537),(216,538),(217,539),(218,540),(219,0),(220,541),(221,542),(222,543),(223,544),(224,545),(225,546),(226,547),(227,548),(228,549),(229,550),(267,70),(268,0),(269,551),(270,0),(271,552),(272,0),(273,0),(274,0),(275,0),(276,0),(277,0),(278,0),(279,0),(280,0),(281,0),(282,0),(283,0),(284,0),(285,0),(286,0),(287,0),(288,0),(289,0),(290,0),(291,0),(292,0),(293,0),(294,0),(295,0),(296,0),(297,0),(298,0),(299,0),(300,0),(199,634),(198,633),(114,632),(113,631),(202,0),(111,630),(110,629),(109,628),(108,627),(107,626),(106,625),(105,0),(104,624),(148,0),(147,0),(146,0),(135,0),(144,0),(143,0),(134,0),(141,0),(219,0),(140,0),(139,0),(138,0),(137,0),(136,0),(135,0),(134,0),(133,0),(53,700),(52,699),(198,74),(148,612),(147,611),(146,610),(145,609),(144,608),(143,607),(142,606),(141,605),(140,604),(139,603),(138,602),(199,0),(200,0),(201,0),(202,0),(203,0),(204,0),(205,0),(206,0),(207,0),(208,0),(209,0),(210,0),(211,0),(212,0),(213,0),(214,0),(137,730),(216,0),(217,0),(218,0),(219,0),(136,729),(135,728),(134,727),(223,0),(133,726),(132,725),(226,0),(131,724),(228,0),(229,0),(200,635),(201,636),(202,0),(203,637),(204,638),(205,639),(206,640),(207,641),(208,642),(209,643),(210,644),(211,645),(212,646),(213,647),(214,648),(215,649),(216,650),(217,651),(218,652),(219,0),(220,653),(221,654),(222,655),(223,656),(224,657),(225,658),(226,659),(227,660),(228,661),(229,662),(252,698),(136,0),(137,0),(138,0),(139,0),(140,0),(141,0),(142,0),(143,0),(144,0),(145,0),(146,0),(147,0),(148,0),(315,2977),(314,2978),(316,2976),(134,0),(135,0),(136,0),(137,0),(138,0),(139,0),(140,0),(141,0),(142,0),(143,0),(144,0),(145,0),(146,0),(147,0),(148,0),(104,2945),(130,766),(129,765),(128,764),(203,0),(127,763),(126,762),(125,761),(124,760),(123,759),(122,758),(121,757),(120,756),(119,755),(118,754),(117,753),(116,752),(112,0),(115,751),(114,750),(113,749),(221,0),(111,748),(110,747),(109,746),(108,745),(107,744),(106,743),(105,0),(104,742),(54,701),(55,702),(56,703),(57,704),(58,705),(59,706),(60,707),(61,708),(62,709),(63,710),(64,711),(65,712),(66,713),(67,714),(68,715),(69,0),(70,716),(71,717),(72,718),(73,0),(74,719),(75,720),(76,721),(332,722),(332,723),(223,0),(317,2979),(319,2980),(226,0),(318,2981),(228,0),(229,0),(332,0),(38,928),(26,0),(27,0),(28,0),(29,0),(39,929),(31,0),(32,0),(33,0),(34,0),(40,930),(36,0),(37,0),(38,0),(39,0),(40,0),(41,931),(42,0),(43,0),(42,932),(43,933),(46,0),(44,934),(45,935),(46,936),(50,0),(51,0),(25,87),(29,919),(27,0),(28,0),(30,920),(30,0),(31,0),(32,0),(33,0),(31,921),(32,922),(33,923),(34,924),(38,0),(35,925),(40,0),(41,0),(26,916),(43,0),(27,917),(45,0),(46,0),(28,918),(49,0),(48,0),(50,0),(51,0),(37,927),(36,926),(25,915),(308,826),(309,827),(310,828),(311,829),(313,830),(316,831),(315,832),(314,833),(317,834),(319,835),(318,836),(320,837),(321,838),(322,839),(323,840),(324,841),(325,842),(326,0),(327,843),(328,844),(329,845),(330,846),(230,847),(231,0),(232,0),(233,0),(234,848),(235,849),(236,850),(237,0),(238,851),(239,852),(240,853),(241,0),(242,854),(243,0),(244,855),(245,856),(246,857),(247,0),(248,0),(249,0),(250,858),(251,859),(252,860),(253,861),(254,862),(255,863),(256,864),(257,865),(258,0),(259,866),(260,867),(261,868),(262,869),(263,0),(264,0),(265,870),(266,0),(167,90),(168,871),(169,872),(170,873),(171,0),(172,874),(173,875),(174,876),(175,0),(176,877),(177,878),(178,879),(179,880),(180,881),(181,882),(182,883),(183,884),(184,885),(185,886),(186,887),(187,888),(188,889),(189,890),(190,891),(191,892),(192,893),(193,894),(194,0),(195,895),(196,896),(197,897),(171,0),(171,898),(182,899),(183,900),(184,901),(185,902),(186,903),(187,904),(188,905),(189,906),(190,907),(191,908),(192,909),(193,910),(194,0),(195,911),(196,912),(197,913),(249,914),(47,937),(49,938),(48,939),(50,940),(51,941),(25,942),(26,943),(27,944),(28,945),(29,946),(30,947),(31,948),(32,949),(33,0),(34,950),(35,951),(36,952),(37,953),(38,954),(39,955),(40,956),(41,957),(42,958),(43,959),(44,960),(45,961),(46,962),(47,963),(49,964),(48,965),(50,966),(51,967),(25,968),(26,969),(27,970),(28,971),(29,972),(30,0),(31,973),(32,974),(33,975),(34,976),(35,977),(36,978),(37,979),(38,980),(39,981),(40,982),(41,983),(42,984),(43,985),(44,986),(45,987),(46,988),(47,989),(49,990),(48,991),(50,992),(51,993),(25,994),(26,995),(27,996),(28,997),(29,998),(30,999),(31,1000),(32,1001),(33,1002),(34,1003),(35,1004),(36,1005),(37,1006),(38,1007),(39,1008),(40,1009),(41,1010),(42,1011),(43,1012),(44,1013),(45,1014),(46,1015),(47,1016),(49,1017),(48,1018),(50,1019),(51,1020),(232,0),(231,0),(230,100),(236,0),(237,0),(238,0),(239,0),(240,0),(241,0),(242,0),(243,0),(244,0),(245,0),(246,0),(247,0),(248,0),(249,0),(250,0),(251,0),(252,0),(253,0),(254,0),(255,0),(256,0),(257,0),(258,0),(259,0),(260,0),(261,0),(262,0),(263,0),(264,0),(265,0),(266,0),(236,0),(237,0),(238,0),(239,0),(240,0),(241,0),(242,0),(243,0),(244,0),(245,0),(246,0),(247,0),(248,0),(249,0),(250,0),(251,0),(252,0),(253,0),(254,0),(255,0),(256,0),(257,0),(258,0),(259,0),(260,0),(261,0),(262,0),(263,0),(264,0),(265,0),(266,0),(149,1027),(150,1028),(151,1029),(152,1030),(153,1031),(154,1032),(155,1033),(156,1034),(157,1035),(158,1036),(159,1037),(160,1038),(164,1039),(161,1040),(162,1041),(163,1042),(165,1043),(166,1044),(198,1045),(199,1046),(200,1047),(201,1048),(203,1049),(204,1050),(205,1051),(206,1052),(207,1053),(208,1054),(209,1055),(210,1056),(211,1057),(212,1058),(213,1059),(214,1060),(215,1061),(216,1062),(217,1063),(218,1064),(220,1065),(221,1066),(222,1067),(223,1068),(224,1069),(225,1070),(226,1071),(227,1072),(228,1073),(229,1074),(332,1075),(149,1076),(150,1077),(151,1078),(152,1079),(153,1080),(154,1081),(155,1082),(156,1083),(157,1084),(158,1085),(159,1086),(160,1087),(164,1088),(161,1089),(162,1090),(163,1091),(165,1092),(166,1093),(25,1094),(26,1095),(27,1096),(28,1097),(29,1098),(30,1099),(31,1100),(32,1101),(33,1102),(34,1103),(35,1104),(36,1105),(37,1106),(38,1107),(39,1108),(40,1109),(41,1110),(42,1111),(43,1112),(44,1113),(45,1114),(46,1115),(47,1116),(49,1117),(48,1118),(50,1119),(51,1120),(25,1121),(26,1122),(27,1123),(28,1124),(29,1125),(30,1126),(31,1127),(32,1128),(33,1129),(34,1130),(35,1131),(36,1132),(37,1133),(38,1134),(39,1135),(40,1136),(41,1137),(42,1138),(43,1139),(44,1140),(45,1141),(46,1142),(47,1143),(49,1144),(48,1145),(50,1146),(51,1147),(52,1148),(53,1149),(54,1150),(55,1151),(56,1152),(57,1153),(58,1154),(59,1155),(60,1156),(61,1157),(62,1158),(63,1159),(64,1160),(65,1161),(66,1162),(67,1163),(68,1164),(69,1165),(70,1166),(71,1167),(72,1168),(73,1169),(74,1170),(75,1171),(76,1172),(52,1173),(53,1174),(54,1175),(55,1176),(56,1177),(57,1178),(58,1179),(59,1180),(60,1181),(61,1182),(62,1183),(63,1184),(64,1185),(65,1186),(66,1187),(67,1188),(68,1189),(69,0),(70,1190),(71,1191),(72,1192),(73,1193),(74,1194),(75,1195),(76,1196),(1,1197),(2,1198),(3,1199),(4,1200),(5,1201),(6,0),(7,1202),(8,1203),(9,1204),(331,0),(10,1205),(11,1206),(12,1207),(13,1208),(14,1209),(15,1210),(16,1211),(17,1212),(18,1213),(19,1214),(20,0),(21,1215),(22,1216),(23,1217),(24,1218),(333,1219),(334,1220),(1,1221),(2,1222),(3,1223),(4,1224),(5,1225),(333,1226),(6,0),(334,1227),(7,1228),(8,1229),(9,1230),(331,0),(10,1231),(11,1232),(12,1233),(13,1234),(14,1235),(15,1236),(16,1237),(17,1238),(18,1239),(19,1240),(20,0),(21,1241),(22,1242),(23,1243),(24,1244),(230,1245),(231,0),(232,0),(233,0),(234,1246),(235,1247),(236,1248),(237,0),(238,1249),(239,1250),(240,1251),(241,0),(242,1252),(243,0),(244,1253),(245,1254),(246,1255),(247,0),(248,0),(249,1256),(250,1257),(251,1258),(252,0),(253,1259),(254,1260),(255,1261),(256,1262),(257,1263),(258,0),(259,1264),(260,1265),(261,1266),(262,1267),(263,0),(264,0),(265,1268),(266,0),(104,1269),(105,0),(106,1270),(107,0),(108,1271),(109,1272),(110,1273),(111,1274),(113,1275),(114,1276),(115,1277),(112,0),(116,1278),(117,1279),(118,1280),(119,1281),(120,1282),(121,1283),(122,1284),(123,0),(124,1285),(125,1286),(126,1287),(127,1288),(128,1289),(129,1290),(130,1291),(131,1292),(132,1293),(133,1294),(134,1295),(135,1296),(136,1297),(137,1298),(138,1299),(139,0),(140,1300),(141,1301),(142,1302),(143,1303),(144,1304),(145,1305),(146,1306),(147,1307),(148,1308),(104,113),(105,0),(106,0),(107,0),(108,0),(109,0),(110,0),(111,0),(113,0),(114,0),(115,0),(112,0),(116,0),(117,0),(118,0),(119,0),(120,0),(121,0),(122,0),(123,0),(124,0),(125,0),(126,0),(127,0),(128,0),(129,0),(130,0),(149,114),(150,1309),(151,1310),(152,1311),(153,1312),(154,1313),(155,1314),(156,1315),(157,1316),(158,1317),(159,1318),(160,1319),(164,1320),(161,1321),(162,0),(163,1322),(165,1323),(166,1324),(25,1325),(26,1326),(27,1327),(28,1328),(29,1329),(30,1330),(31,1331),(32,1332),(33,1333),(34,1334),(35,1335),(36,1336),(37,1337),(38,1338),(39,1339),(40,1340),(41,1341),(42,1342),(43,1343),(44,1344),(45,1345),(46,1346),(47,1347),(49,1348),(48,1349),(50,1350),(51,1351),(25,1352),(26,1353),(27,1354),(28,1355),(29,1356),(30,1357),(31,1358),(32,1359),(33,1360),(34,1361),(35,1362),(36,1363),(37,1364),(38,1365),(39,1366),(40,1367),(41,1368),(42,1369),(43,1370),(44,1371),(45,1372),(46,1373),(47,1374),(49,1375),(48,1376),(50,1377),(51,1378),(230,117),(231,0),(239,3235),(233,0),(238,3234),(235,0),(237,3233),(237,0),(238,0),(239,0),(240,0),(236,3232),(235,3231),(234,3230),(197,3225),(196,3224),(195,0),(247,0),(248,0),(249,0),(250,0),(193,3223),(252,0),(192,3222),(191,3221),(255,0),(256,0),(190,3220),(189,203),(259,0),(260,0),(261,0),(188,0),(187,3219),(186,3218),(185,3217),(266,0),(230,118),(231,0),(183,3215),(233,0),(182,3214),(235,0),(181,0),(237,0),(238,0),(239,0),(240,0),(180,3213),(179,3212),(178,3211),(177,3210),(176,3209),(175,0),(247,0),(248,0),(249,0),(250,0),(174,3208),(252,0),(173,3207),(172,3206),(255,0),(256,0),(170,3205),(169,3204),(259,0),(260,0),(261,0),(168,3203),(250,0),(167,3202),(266,0),(266,0),(184,3216),(267,1451),(268,1452),(269,1453),(270,1454),(271,1455),(272,1456),(273,1457),(274,1458),(275,1459),(276,1460),(277,1461),(278,0),(279,1462),(280,1463),(281,1464),(282,1465),(283,1466),(284,1467),(285,1468),(286,1469),(287,1470),(288,1471),(289,1472),(290,1473),(291,1474),(292,1475),(293,1476),(294,0),(295,1477),(296,1478),(297,1479),(298,1480),(299,1481),(300,1482),(25,1483),(26,1484),(27,1485),(28,1486),(29,0),(30,1487),(31,1488),(32,1489),(33,0),(34,0),(35,1490),(36,1491),(37,0),(38,1492),(39,1493),(40,1494),(41,1495),(42,1496),(43,0),(44,1497),(45,1498),(46,0),(47,1499),(49,0),(48,1500),(50,1501),(51,1502),(230,1503),(231,1504),(232,1505),(233,1506),(234,1507),(235,0),(236,0),(237,0),(238,1508),(239,0),(240,0),(241,1509),(242,0),(243,1510),(244,0),(245,1511),(246,1512),(247,1513),(248,0),(249,0),(250,1514),(251,0),(252,0),(253,0),(254,0),(255,0),(256,1515),(257,0),(258,0),(259,1516),(260,0),(261,1517),(262,0),(263,1518),(264,0),(265,1519),(266,0),(230,1520),(231,1521),(232,0),(233,1522),(234,0),(235,1523),(236,0),(237,1524),(238,0),(239,0),(240,0),(241,0),(242,0),(243,1525),(244,0),(245,0),(246,0),(247,0),(248,1526),(249,1527),(250,1528),(251,1529),(252,0),(253,1530),(254,1531),(255,1532),(256,0),(257,1533),(258,0),(259,0),(260,1534),(261,1535),(262,1536),(263,0),(264,1537),(265,0),(266,1538),(235,0),(149,1539),(150,1540),(151,1541),(152,1542),(153,1543),(154,1544),(155,1545),(156,1546),(157,1547),(158,1548),(159,1549),(160,1550),(164,1551),(161,1552),(162,1553),(163,1554),(165,1555),(166,1556),(104,1557),(105,0),(106,1558),(107,1559),(108,1560),(109,1561),(110,1562),(111,1563),(113,1564),(114,1565),(115,1566),(112,0),(116,1567),(117,1568),(118,1569),(119,0),(120,1570),(121,0),(122,1571),(123,1572),(124,1573),(125,1574),(126,1575),(127,1576),(128,1577),(129,1578),(130,1579),(131,1580),(132,1581),(133,1582),(134,1583),(135,1584),(136,1585),(137,1586),(138,1587),(139,1588),(140,1589),(141,1590),(142,1591),(143,1592),(144,1593),(145,1594),(146,1595),(147,1596),(148,1597),(131,1598),(132,1599),(133,1600),(134,1601),(135,1602),(136,1603),(137,1604),(138,1605),(139,1606),(140,1607),(141,1608),(142,0),(143,1609),(144,1610),(145,1611),(146,1612),(147,1613),(148,1614),(131,1615),(132,1616),(133,1617),(134,1618),(135,1619),(136,1620),(137,1621),(138,1622),(139,1623),(140,1624),(141,1625),(142,1626),(143,1627),(144,1628),(145,1629),(146,1630),(147,1631),(148,1632),(131,1633),(132,1634),(133,1635),(134,1636),(135,0),(136,1637),(137,1638),(138,1639),(139,1640),(140,1641),(141,1642),(142,1643),(143,1644),(144,1645),(145,1646),(146,1647),(147,1648),(148,1649),(149,1650),(150,1651),(151,1652),(152,1653),(153,1654),(154,1655),(155,1656),(156,1657),(157,1658),(158,1659),(159,1660),(160,1661),(164,1662),(161,1663),(162,1664),(163,1665),(165,0),(166,1666),(149,131),(150,1667),(151,1668),(152,1669),(153,1670),(154,1671),(155,1672),(156,1673),(157,1674),(158,1675),(159,0),(160,1676),(164,1677),(161,1678),(162,1679),(163,1680),(165,1681),(166,1682),(149,1683),(150,1684),(151,1685),(152,1686),(153,1687),(154,1688),(155,1689),(156,1690),(157,1691),(158,1692),(159,1693),(160,1694),(164,1695),(161,1696),(162,0),(163,1697),(165,1698),(166,1699),(1,1700),(2,1701),(3,1702),(4,1703),(5,1704),(333,0),(6,1705),(334,1706),(7,1707),(8,1708),(9,1709),(331,0),(10,1710),(11,1711),(12,1712),(13,1713),(14,1714),(15,1715),(16,1716),(17,1717),(18,1718),(19,1719),(20,0),(21,1720),(22,1721),(23,1722),(24,1723),(1,1724),(2,1725),(3,1726),(4,1727),(5,1728),(333,1729),(6,1730),(334,1731),(7,1732),(8,1733),(9,1734),(331,1735),(10,1736),(11,1737),(12,1738),(13,1739),(14,1740),(15,1741),(16,1742),(17,1743),(18,1744),(19,1745),(20,0),(21,1746),(22,1747),(23,1748),(24,1749),(267,1750),(268,1751),(269,1752),(270,1753),(271,1754),(272,1755),(273,1756),(274,1757),(275,1758),(276,1759),(277,1760),(278,0),(279,1761),(280,0),(281,1762),(282,1763),(283,1764),(284,1765),(285,1766),(286,1767),(287,1768),(288,1769),(289,1770),(290,1771),(291,1772),(292,1773),(293,1774),(294,1775),(295,1776),(296,1777),(297,1778),(298,1779),(299,1780),(300,1781),(267,1782),(268,1783),(269,1784),(270,1785),(271,1786),(272,1787),(273,1788),(274,1789),(275,1790),(276,1791),(277,1792),(278,1793),(279,1794),(280,1795),(281,1796),(282,1797),(283,1798),(284,1799),(285,1800),(286,1801),(287,1802),(288,1803),(289,1804),(290,1805),(291,1806),(292,1807),(293,1808),(294,1809),(295,1810),(296,1811),(297,1812),(298,1813),(299,1814),(300,1815),(267,1816),(268,1817),(269,1818),(270,1819),(271,1820),(272,1821),(273,1822),(274,1823),(275,1824),(276,1825),(277,1826),(278,1827),(279,1828),(280,1829),(281,1830),(282,1831),(283,1832),(284,1833),(285,1834),(286,1835),(287,1836),(288,1837),(289,1838),(290,1839),(291,1840),(292,1841),(293,1842),(294,1843),(295,1844),(296,1845),(297,1846),(298,1847),(299,1848),(300,1849),(198,1850),(199,1851),(200,1852),(201,1853),(203,1854),(204,1855),(205,1856),(206,1857),(207,1858),(208,1859),(209,1860),(210,1861),(211,1862),(212,1863),(213,1864),(214,1865),(215,1866),(216,1867),(217,1868),(218,1869),(220,1870),(221,1871),(222,1872),(223,1873),(224,1874),(225,1875),(226,1876),(227,1877),(228,1878),(229,1879),(332,0),(198,1880),(199,1881),(200,1882),(201,1883),(203,1884),(204,1885),(205,1886),(206,1887),(207,1888),(208,1889),(209,1890),(210,1891),(211,1892),(212,1893),(213,1894),(214,1895),(215,1896),(216,1897),(217,1898),(218,1899),(220,1900),(221,1901),(222,1902),(223,1903),(224,1904),(225,1905),(226,1906),(227,1907),(228,1908),(229,1909),(332,1910),(88,1911),(89,1912),(90,1913),(91,1914),(92,1915),(93,1916),(94,1917),(95,1918),(96,1919),(97,1920),(98,1921),(99,1922),(100,1923),(101,1924),(102,1925),(103,1926),(198,1927),(199,1928),(200,1929),(201,1930),(203,1931),(204,1932),(205,0),(206,1933),(207,1934),(208,1935),(209,1936),(210,1937),(211,1938),(212,1939),(213,1940),(214,1941),(215,1942),(216,1943),(217,1944),(218,1945),(220,1946),(221,1947),(222,1948),(223,1949),(224,1950),(225,1951),(226,1952),(227,1953),(228,1954),(229,1955),(332,1956),(1,1957),(2,1958),(3,1959),(4,1960),(5,1961),(333,1962),(6,0),(334,1963),(7,1964),(8,1965),(9,1966),(331,1967),(10,1968),(11,1969),(12,1970),(13,1971),(14,1972),(15,1973),(16,1974),(17,1975),(18,1976),(19,1977),(20,0),(21,1978),(22,1979),(23,1980),(24,1981),(198,1982),(199,1983),(200,1984),(201,1985),(203,1986),(204,1987),(205,1988),(206,1989),(207,1990),(208,1991),(209,1992),(210,1993),(211,1994),(212,1995),(213,1996),(214,1997),(215,1998),(216,1999),(217,2000),(218,2001),(220,2002),(221,2003),(222,2004),(223,2005),(224,2006),(225,2007),(226,2008),(227,2009),(228,2010),(229,2011),(332,2012),(205,2013),(1,2014),(2,0),(3,2015),(4,2016),(5,2017),(333,0),(6,0),(334,0),(7,0),(8,0),(9,0),(331,0),(10,0),(11,2018),(12,2019),(13,0),(14,2020),(15,0),(16,2021),(17,0),(18,2022),(19,2023),(20,0),(21,2024),(22,2025),(23,2026),(24,2027),(104,2028),(106,2029),(107,0),(108,2030),(109,2031),(110,2032),(111,2033),(113,2034),(114,2035),(115,2036),(116,2037),(117,2038),(118,2039),(119,2040),(120,2041),(121,2042),(122,2043),(335,0),(123,2044),(124,2045),(125,2046),(126,2047),(127,2048),(128,2049),(129,2050),(130,2051),(104,147),(106,2052),(107,0),(108,0),(109,0),(110,0),(111,0),(113,0),(114,0),(115,0),(116,0),(117,0),(118,0),(119,0),(120,2053),(121,0),(122,0),(335,0),(123,0),(124,0),(125,0),(126,0),(127,0),(128,0),(129,2054),(130,0),(149,2055),(150,2056),(151,2057),(152,2058),(153,2059),(154,2060),(155,2061),(156,2062),(157,2063),(158,2064),(159,2065),(160,2066),(164,2067),(161,2068),(162,2069),(163,2070),(165,2071),(166,2072),(92,2073),(93,2074),(94,2075),(95,2076),(96,2077),(97,2078),(98,2079),(99,2080),(100,2081),(101,2082),(102,2083),(103,2084),(182,2085),(183,2086),(184,2087),(185,2088),(186,2089),(187,2090),(188,2091),(182,2092),(183,2093),(184,2094),(185,2095),(186,2096),(187,2097),(188,2098),(149,2099),(150,2100),(151,2101),(152,2102),(153,2103),(154,2104),(155,2105),(156,2106),(157,2107),(158,2108),(159,2109),(160,2110),(164,2111),(161,2112),(162,0),(163,2113),(165,2114),(166,2115),(131,2116),(132,2117),(133,2118),(134,2119),(135,2120),(136,2121),(137,2122),(138,2123),(139,2124),(140,2125),(141,2126),(142,2127),(143,2128),(144,2129),(145,2130),(146,2131),(147,2132),(148,2133),(198,2134),(199,2135),(200,2136),(201,2137),(203,2138),(204,2139),(205,2140),(206,2141),(207,2142),(208,2143),(209,2144),(210,2145),(211,2146),(212,2147),(213,2148),(214,2149),(215,2150),(216,2151),(217,2152),(218,2153),(220,2154),(221,2155),(222,2156),(223,2157),(224,2158),(225,2159),(226,2160),(227,2161),(228,2162),(229,2163),(332,2164),(301,2165),(302,2166),(303,2167),(304,2168),(305,2169),(307,2170),(182,2171),(183,2172),(184,2173),(185,2174),(186,2175),(187,2176),(188,2177),(1,2178),(2,2179),(3,2180),(4,2181),(5,2182),(333,0),(6,2183),(334,0),(7,2184),(8,2185),(9,2186),(331,0),(10,2187),(11,2188),(12,2189),(13,2190),(14,2191),(15,2192),(16,2193),(17,2194),(18,2195),(19,2196),(20,0),(21,2197),(22,2198),(23,2199),(1,2200),(2,2201),(3,2202),(4,2203),(5,2204),(333,0),(6,0),(334,2205),(7,2206),(8,2207),(9,2208),(331,0),(10,2209),(11,2210),(12,2211),(13,2212),(14,2213),(15,2214),(16,2215),(17,2216),(18,2217),(19,2218),(20,0),(21,2219),(22,2220),(23,2221),(24,2222),(1,2223),(2,2224),(3,2225),(4,2226),(5,2227),(333,2228),(6,2229),(334,2230),(7,2231),(8,2232),(9,2233),(331,0),(10,0),(11,2234),(12,2235),(13,2236),(14,2237),(15,2238),(16,2239),(17,2240),(18,2241),(19,2242),(20,0),(21,2243),(22,2244),(23,2245),(24,2246),(1,2247),(2,2248),(3,2249),(4,2250),(5,2251),(333,0),(6,0),(334,2252),(7,2253),(8,2254),(9,2255),(331,0),(10,2256),(11,2257),(12,2258),(13,2259),(14,2260),(15,2261),(16,2262),(17,2263),(18,0),(19,2264),(20,0),(21,2265),(22,2266),(23,2267),(24,2268),(1,2269),(2,2270),(3,2271),(4,2272),(5,2273),(333,2274),(6,2275),(334,2276),(7,2277),(8,2278),(9,2279),(331,2280),(10,2281),(11,2282),(12,2283),(13,2284),(14,2285),(15,2286),(16,2287),(17,2288),(18,2289),(19,2290),(20,2291),(21,2292),(22,2293),(23,2294),(24,2295),(24,2296),(25,2297),(26,2298),(27,2299),(28,2300),(29,2301),(30,2302),(31,2303),(32,2304),(33,2305),(34,2306),(35,2307),(36,2308),(37,2309),(38,2310),(39,2311),(40,2312),(41,2313),(42,2314),(43,2315),(44,2316),(45,2317),(46,2318),(47,2319),(49,2320),(48,2321),(50,2322),(51,2323),(149,2324),(150,2325),(151,2326),(152,2327),(153,2328),(154,2329),(155,2330),(156,2331),(157,2332),(158,2333),(159,2334),(160,2335),(164,2336),(161,2337),(162,2338),(163,2339),(165,2340),(166,2341),(267,2342),(268,2343),(269,2344),(270,2345),(271,2346),(272,2347),(273,2348),(274,2349),(275,2350),(276,2351),(277,2352),(278,2353),(279,2354),(280,2355),(281,2356),(282,2357),(283,2358),(284,2359),(285,2360),(286,2361),(287,2362),(288,2363),(289,2364),(290,2365),(291,2366),(292,2367),(293,2368),(294,2369),(295,2370),(296,2371),(297,2372),(298,2373),(299,2374),(300,2375),(104,2376),(106,2377),(107,2378),(108,0),(109,2379),(110,2380),(111,2381),(113,2382),(114,2383),(115,2384),(116,2385),(117,2386),(118,2387),(119,2388),(120,2389),(121,2390),(122,2391),(335,0),(123,2392),(124,2393),(125,2394),(126,2395),(127,2396),(128,2397),(129,2398),(130,2399),(104,166),(106,0),(107,0),(108,0),(109,0),(110,0),(111,0),(113,0),(114,0),(115,0),(116,0),(117,0),(118,0),(119,0),(120,0),(121,0),(122,0),(335,0),(123,2400),(124,0),(125,0),(126,0),(127,0),(128,0),(129,0),(130,0),(131,2401),(132,2402),(133,2403),(134,2404),(135,0),(136,0),(137,2405),(138,0),(139,2406),(140,2407),(141,2408),(142,2409),(143,0),(144,2410),(145,2411),(146,0),(147,0),(148,2412),(131,168),(132,0),(133,0),(134,0),(135,0),(136,0),(137,0),(138,0),(139,0),(140,0),(141,0),(142,0),(143,0),(144,0),(145,0),(146,2413),(147,0),(148,0),(230,2414),(231,0),(232,0),(233,0),(234,2415),(235,2416),(236,2417),(237,0),(238,2418),(239,2419),(240,2420),(241,0),(242,2421),(243,0),(244,2422),(245,2423),(246,2424),(247,0),(248,0),(249,0),(250,2425),(251,2426),(252,2427),(253,2428),(254,2429),(255,2430),(256,2431),(257,2432),(258,0),(259,2433),(260,2434),(261,2435),(262,2436),(263,0),(264,0),(265,0),(266,0),(131,2438),(25,2439),(26,2440),(27,2441),(28,2442),(29,2443),(30,2444),(31,2445),(32,2446),(33,2447),(34,2448),(35,2449),(36,2450),(37,2451),(38,2452),(39,2453),(40,2454),(41,2455),(42,2456),(43,2457),(44,2458),(45,2459),(46,2460),(47,2461),(49,2462),(48,2463),(50,2464),(51,2465),(29,2466),(34,2467),(37,2468),(43,2469),(46,2470),(49,2471),(104,171),(106,0),(107,0),(108,0),(109,0),(110,2472),(111,2473),(113,0),(114,0),(115,2474),(116,0),(117,0),(118,0),(119,0),(120,0),(121,0),(122,0),(335,0),(123,2475),(124,2476),(125,0),(126,0),(127,0),(128,0),(129,0),(130,0),(104,172),(106,0),(107,0),(108,0),(109,0),(110,2477),(111,2478),(113,0),(114,0),(115,2479),(116,0),(117,0),(118,0),(119,0),(120,0),(121,0),(122,0),(335,0),(123,2480),(124,2481),(125,0),(126,0),(127,0),(128,0),(129,0),(130,0),(230,2482),(231,2483),(232,2484),(233,2485),(234,2486),(235,2487),(236,2488),(237,2489),(238,2490),(239,2491),(240,2492),(241,2493),(242,2494),(243,2495),(244,2496),(245,2497),(246,2498),(247,2499),(248,2500),(249,2501),(250,2502),(251,2503),(252,2504),(253,2505),(254,2506),(255,2507),(256,2508),(257,2509),(258,2510),(259,2511),(260,2512),(261,2513),(262,2514),(263,2515),(264,2516),(265,2517),(266,2518),(232,2519),(234,2520),(236,2521),(238,2522),(239,2523),(240,2524),(241,2525),(242,2526),(244,2527),(245,2528),(246,2529),(247,2530),(256,2531),(258,2532),(259,2533),(263,2534),(265,2535),(235,2536),(236,2537),(237,2538),(239,2539),(240,2540),(242,2541),(244,2542),(248,2543),(249,2544),(251,2545),(253,2546),(254,2547),(255,2548),(257,2549),(258,2550),(260,2551),(262,2552),(264,2553),(266,2554),(267,2555),(268,2556),(269,2557),(270,2558),(271,2559),(272,2560),(273,2561),(274,2562),(275,2563),(276,2564),(277,2565),(278,2566),(279,2567),(280,2568),(281,2569),(282,2570),(283,2571),(284,2572),(285,2573),(286,2574),(287,2575),(288,2576),(289,2577),(290,2578),(291,2579),(292,2580),(293,2581),(294,2582),(295,2583),(296,2584),(297,2585),(298,2586),(299,2587),(300,2588),(267,2589),(268,2590),(269,2591),(270,2592),(271,2593),(272,2594),(273,2595),(274,2596),(275,2597),(276,2598),(277,2599),(278,2600),(279,2601),(280,2602),(281,2603),(282,2604),(283,2605),(284,2606),(285,2607),(286,2608),(287,2609),(288,2610),(289,2611),(290,2612),(291,2613),(292,2614),(293,2615),(294,2616),(295,2617),(296,2618),(297,2619),(298,2620),(299,2621),(300,2622),(267,2623),(268,2624),(269,2625),(270,2626),(271,2627),(272,2628),(273,2629),(274,2630),(275,2631),(276,2632),(277,2633),(278,2634),(279,2635),(280,2636),(281,2637),(282,2638),(283,2639),(284,2640),(285,2641),(286,2642),(287,2643),(288,2644),(289,2645),(290,2646),(291,2647),(292,2648),(293,2649),(294,2650),(295,2651),(296,2652),(297,2653),(298,2654),(299,2655),(300,2656),(198,2658),(199,0),(200,0),(201,0),(203,0),(204,0),(205,0),(206,0),(207,0),(208,0),(209,0),(210,0),(211,0),(212,0),(213,0),(214,0),(215,0),(216,0),(217,0),(218,0),(220,0),(221,0),(222,0),(223,0),(224,0),(225,0),(226,0),(227,0),(228,0),(229,0),(332,0),(199,2659),(200,2660),(201,2661),(203,2662),(204,2663),(205,2664),(206,2665),(207,2666),(208,2667),(209,2668),(210,2669),(211,2670),(212,2671),(213,2672),(214,2673),(215,2674),(216,2675),(217,2676),(218,2677),(220,2678),(221,2679),(222,2680),(223,2681),(224,2682),(225,2683),(226,2684),(227,2685),(228,2686),(229,2687),(332,2688),(198,2689),(199,2690),(200,2691),(201,2692),(203,0),(204,2693),(205,2694),(206,2695),(207,2696),(208,2697),(209,2698),(210,2699),(211,2700),(212,0),(213,2701),(214,2702),(215,2703),(216,2704),(217,2705),(218,2706),(220,2707),(221,2708),(222,0),(223,2709),(224,2710),(225,2711),(226,2712),(227,2713),(228,2714),(229,2715),(332,2716),(1,180),(2,0),(3,0),(4,0),(5,0),(333,2717),(6,2718),(334,0),(7,2719),(8,2720),(9,2721),(331,2722),(10,2723),(11,0),(12,0),(13,2724),(14,2725),(15,0),(16,2726),(17,2727),(18,0),(19,0),(20,2728),(21,2729),(22,2730),(23,0),(24,0),(230,2731),(231,2732),(232,2733),(233,2734),(234,2735),(235,2736),(236,2737),(237,2738),(238,2739),(239,2740),(240,2741),(241,2742),(242,2743),(243,2744),(244,2745),(245,2746),(246,2747),(247,2748),(248,2749),(249,2750),(250,2751),(251,2752),(252,2753),(253,2754),(254,2755),(255,2756),(256,2757),(257,2758),(258,2759),(259,2760),(260,2761),(261,2762),(262,2763),(263,2764),(264,2765),(265,2766),(266,2767),(230,2768),(231,2769),(232,0),(233,2770),(234,2771),(235,2772),(236,2773),(237,0),(238,0),(239,2774),(240,2775),(241,0),(242,0),(243,2776),(244,0),(245,0),(246,0),(247,2777),(248,2778),(249,2779),(250,0),(251,2780),(252,0),(253,2781),(254,2782),(255,0),(256,2783),(257,2784),(258,2785),(259,2786),(260,0),(261,0),(262,0),(263,0),(264,0),(265,0),(266,0),(198,2787),(199,0),(200,0),(201,0),(203,0),(204,0),(205,0),(206,0),(207,0),(208,2788),(209,0),(210,0),(211,2789),(212,0),(213,0),(214,2790),(215,2791),(216,0),(217,2792),(218,0),(220,0),(221,0),(222,2793),(223,2794),(224,2795),(225,0),(226,0),(227,0),(228,0),(229,0),(332,0),(198,2796),(199,0),(200,0),(201,0),(203,0),(204,0),(205,0),(206,0),(207,0),(208,2797),(209,0),(210,0),(211,2798),(212,0),(213,0),(214,2799),(215,2800),(216,0),(217,2801),(218,0),(220,0),(221,0),(222,0),(223,2802),(224,2803),(225,0),(226,0),(227,0),(228,0),(229,0),(332,0),(249,2804),(265,2805),(203,2806),(212,2807),(222,2808),(198,2809),(199,2810),(200,2811),(201,2812),(203,2813),(204,2814),(205,2815),(206,2816),(207,2817),(208,2818),(209,2819),(210,2820),(211,2821),(212,2822),(213,2823),(214,2824),(215,2825),(216,2826),(217,2827),(218,2828),(220,2829),(221,2830),(222,2831),(223,2832),(224,2833),(225,2834),(226,2835),(227,2836),(228,2837),(229,2838),(332,2839),(267,2840),(268,2841),(269,2842),(270,2843),(271,2844),(272,2845),(273,2846),(274,2847),(275,2848),(276,2849),(277,2850),(278,2851),(279,2852),(280,2853),(281,2854),(282,2855),(283,2856),(284,2857),(285,2858),(286,2859),(287,2860),(288,2861),(289,2862),(290,2863),(291,2864),(292,2865),(293,2866),(294,2867),(295,2868),(296,2869),(297,2870),(298,2871),(299,2872),(300,2873),(265,0),(264,0),(263,0),(262,0),(261,0),(260,0),(259,0),(258,0),(257,0),(256,0),(255,0),(254,0),(253,0),(252,0),(251,0),(250,0),(249,0),(248,0),(247,0),(246,0),(250,0),(245,0),(244,0),(243,0),(242,0),(241,0),(240,0),(239,0),(238,0),(237,0),(236,0),(235,0),(234,0),(233,3229),(232,3228),(231,3227),(230,3226),(230,2910),(231,2911),(232,2912),(233,2913),(234,2914),(235,2915),(236,2916),(237,2917),(238,2918),(239,2919),(240,2920),(241,2921),(242,2922),(243,2923),(244,2924),(245,2925),(246,2926),(247,2927),(248,2928),(249,2929),(250,0),(251,2930),(252,0),(253,2931),(254,2932),(255,2933),(256,2934),(257,2935),(258,2936),(259,2937),(260,2938),(261,2939),(262,2940),(263,2941),(264,2942),(265,2943),(266,2944),(320,2982),(321,2983),(322,2984),(324,2985),(323,2986),(325,2987),(327,2988),(328,2989),(329,2990),(330,2991),(131,2992),(132,2993),(133,2994),(134,2995),(135,2996),(136,2997),(137,2998),(138,2999),(139,3000),(140,3001),(141,3002),(142,3003),(143,3004),(144,3005),(145,3006),(146,3007),(147,3008),(148,3009),(198,3010),(199,3011),(200,3012),(201,3013),(203,3014),(204,3015),(205,3016),(206,3017),(207,3018),(208,3019),(209,3020),(210,3021),(211,3022),(212,3023),(213,3024),(214,3025),(215,3026),(216,3027),(217,3028),(218,3029),(220,3030),(221,3031),(222,3032),(223,3033),(224,3034),(225,3035),(226,3036),(227,3037),(228,3038),(229,3039),(332,3040),(104,193),(106,0),(107,0),(108,0),(109,0),(110,0),(111,0),(113,0),(114,0),(115,0),(116,0),(117,0),(118,0),(119,0),(120,0),(121,0),(122,0),(335,0),(123,0),(124,0),(125,0),(126,0),(127,0),(128,0),(129,0),(130,0),(230,3041),(231,3042),(232,3043),(233,3044),(234,3045),(235,3046),(236,3047),(237,3048),(238,3049),(239,3050),(240,3051),(241,3052),(242,3053),(243,3054),(244,3055),(245,3056),(246,3057),(247,3058),(248,3059),(249,3060),(250,3061),(251,3062),(252,0),(253,3063),(254,3064),(255,3065),(256,3066),(257,3067),(258,3068),(259,3069),(260,3070),(261,3071),(262,3072),(263,3073),(264,3074),(265,3075),(266,3076),(230,3077),(231,3078),(232,3079),(233,3080),(234,3081),(235,3082),(236,3083),(237,3084),(238,3085),(239,3086),(240,3087),(241,3088),(242,3089),(243,3090),(244,3091),(245,3092),(246,3093),(247,3094),(248,3095),(249,3096),(250,3097),(251,3098),(252,0),(253,3099),(254,3100),(255,3101),(256,3102),(257,3103),(258,3104),(259,3105),(260,3106),(261,3107),(262,3108),(263,3109),(264,3110),(265,3111),(266,3112),(201,0),(231,0),(200,3118),(233,0),(234,0),(199,0),(236,0),(237,0),(238,0),(198,3117),(240,0),(241,0),(242,0),(243,0),(244,0),(245,0),(246,0),(247,0),(248,0),(249,0),(250,0),(251,0),(252,0),(253,0),(254,0),(255,0),(256,0),(257,0),(258,0),(259,0),(260,0),(261,0),(262,0),(263,0),(264,0),(265,0),(266,0),(203,3119),(204,3120),(205,3121),(206,3122),(207,3123),(208,0),(209,0),(210,0),(211,3124),(212,3125),(213,0),(214,0),(215,3126),(216,3127),(217,3128),(218,3129),(220,3130),(221,3131),(222,3132),(223,3133),(224,0),(225,3134),(226,3135),(227,3136),(228,3137),(229,3138),(332,3139),(252,0),(199,0),(251,3183),(201,0),(250,0),(249,3182),(248,3181),(247,3180),(246,3179),(208,0),(209,0),(210,0),(245,3178),(244,3177),(213,0),(214,0),(243,3176),(242,3175),(241,3174),(240,3173),(239,3172),(238,3171),(237,3170),(236,3169),(224,0),(235,3168),(234,3167),(233,3166),(232,3165),(231,3164),(230,3163),(253,3184),(254,3185),(255,3186),(256,3187),(257,3188),(258,3189),(259,3190),(260,3191),(261,3192),(262,3193),(263,3194),(264,3195),(265,3196),(266,3197),(240,3236),(241,3237),(242,3238),(243,3239),(244,3240),(245,3241),(246,3242),(247,3243),(248,3244),(249,3245),(250,3246),(251,3247),(252,3248),(253,3249),(254,3250),(255,3251),(256,3252),(257,3253),(258,3254),(259,3255),(260,3256),(261,3257),(262,3258),(263,3259),(264,3260),(265,3261),(266,3262),(198,3263),(199,3264),(200,3265),(201,3266),(203,3267),(204,3268),(205,3269),(206,3270),(207,3271),(208,3272),(209,3273),(210,3274),(211,3275),(212,3276),(213,3277),(214,3278),(215,3279),(216,3280),(217,3281),(218,3282),(220,3283),(221,3284),(222,3285),(223,3286),(224,3287),(225,3288),(226,3289),(227,3290),(228,3291),(229,3292),(332,3293),(267,3294),(268,3295),(269,3296),(270,0),(271,3297),(272,3298),(273,3299),(274,3300),(275,3301),(276,3302),(277,3303),(278,3304),(279,3305),(280,3306),(281,3307),(282,3308),(283,3309),(284,3310),(285,3311),(286,3312),(287,3313),(288,3314),(289,3315),(290,3316),(291,3317),(292,3318),(293,3319),(294,3320),(295,3321),(296,3322),(297,3323),(298,3324),(299,0),(300,3325),(267,3326),(268,3327),(269,0),(270,3328),(271,3329),(272,3330),(273,3331),(274,3332),(275,3333),(276,3334),(277,3335),(278,3336),(279,3337),(280,3338),(281,0),(282,3339),(283,3340),(284,3341),(285,3342),(286,3343),(287,3344),(288,3345),(289,3346),(290,3347),(291,3348),(292,3349),(293,3350),(294,3351),(295,3352),(296,3353),(297,3354),(298,3355),(299,3356),(300,3357),(149,3358),(150,3359),(151,3360),(152,3361),(153,3362),(154,3363),(155,3364),(156,3365),(157,3366),(158,3367),(159,3368),(160,3369),(164,3370),(161,3371),(162,3372),(163,3373),(165,3374),(166,3375),(252,3376),(301,3377),(302,0),(303,0),(304,0),(305,3378),(307,0),(198,210),(199,0),(200,0),(201,3379),(203,0),(204,0),(205,0),(206,0),(207,0),(208,3380),(209,0),(210,0),(211,0),(212,0),(213,0),(214,3381),(215,0),(216,0),(217,0),(218,0),(220,0),(221,0),(222,0),(223,0),(224,0),(225,0),(226,0),(227,0),(228,0),(229,0),(332,0),(88,3382),(89,3383),(90,3384),(91,3385),(92,3386),(93,3387),(94,3388),(95,3389),(96,3390),(97,3391),(98,3392),(99,3393),(100,3394),(101,3395),(102,3396),(103,3397),(308,3398),(309,3399),(310,3400),(311,3401),(313,3402),(316,3403),(315,3404),(314,3405),(317,3406),(319,3407),(318,3408),(320,3409),(321,3410),(322,3411),(324,3412),(323,3413),(325,3414),(327,3415),(328,3416),(329,3417),(330,3418),(308,3419),(309,3420),(310,3421),(311,3422),(313,3423),(316,3424),(315,3425),(314,3426),(317,3427),(319,3428),(318,3429),(320,3430),(321,3431),(322,3432),(324,3433),(323,3434),(325,3435),(327,3436),(328,3437),(329,3438),(330,3439);
UNLOCK TABLES;
/*!40000 ALTER TABLE `OBTIENT` ENABLE KEYS */;

--
-- Table structure for table `PROFESSEUR`
--

DROP TABLE IF EXISTS `PROFESSEUR`;
CREATE TABLE `PROFESSEUR` (
  `id_professeur` int(2) NOT NULL auto_increment,
  `nom_professeur` varchar(20) character set utf8 collate utf8_bin NOT NULL default '',
  `prenom_professeur` varchar(20) character set utf8 NOT NULL default '',
  `mdp` varchar(8) character set utf8 NOT NULL default '',
  `adr_mail` varchar(30) character set utf8 default NULL,
  PRIMARY KEY  (`id_professeur`),
  FULLTEXT KEY `prenom_professeur` (`prenom_professeur`)
) ENGINE=MyISAM DEFAULT CHARSET=latin1;

--
-- Dumping data for table `PROFESSEUR`
--


/*!40000 ALTER TABLE `PROFESSEUR` DISABLE KEYS */;
LOCK TABLES `PROFESSEUR` WRITE;
INSERT INTO `PROFESSEUR` VALUES (5,'BLANDA','Patrick','pblanda',NULL),(6,'MONDOLONI','Michel','mmondolo',NULL),(7,'GBAGUIDI','Ambroise','agbaguid',NULL),(8,'DIENG','Sada','sdieng',NULL),(10,'LAGIER','Patrice','plagier','patsygab@arc.sn'),(112,'DIALLO','Veronique','vdiallo',NULL),(12,'ANDRIANOMEARISOA','Toussaint','tandrian',NULL),(113,'WAECHTER','Sylvie','swaechte',NULL),(16,'VULLIERME','Pierre','pvullier','vullierme@hotmail.com'),(17,'BERNARD','Marie Claire','mbernard',NULL),(18,'FOUCHER','Christophe','cfoucher','foucher_chrstop@yahoo.fr'),(19,'DIOUF','Mame Cheikh','mdiouf',NULL),(20,'MENRATH','Maryline','mmenrath',NULL),(21,'UTHEZA','Philippe','putheza',NULL),(22,'PAFADNAM','Christine','cpafadna',NULL),(23,'NDOUR','Pierre','pndour',NULL),(24,'SANTOS','Laurent','lsantos',NULL),(25,'LARDY','Francoise','flardy',NULL),(26,'NDIAYE','Assane','andiaye',NULL),(27,'NDIAYE','Aissatou','andiaye',NULL),(28,'AUDINOS','Dominique','daudinos',NULL),(29,'PONS','Michel','mpons',NULL),(31,'MOUVY','Pascal','pmouvy',NULL),(32,'ESTRADE','Stephane','sestrade',NULL),(36,'SCHALCK','Baptiste','bschalck',NULL),(64,'SOW','Madeleine','msow',NULL),(110,'FALL','Mactar','mfall',NULL),(67,'SAMBOU','Henri Philippe','hsambou',NULL),(68,'BADJI','Ibrahima','ibadji',NULL),(69,'COLY','Philemon','pcoly',NULL),(70,'SAGNA','Gabriel','gsagna',NULL),(71,'SYLVA','Valdemar','vsylva',NULL),(72,'TEBECHIRANI','Valerie','valerie',NULL),(73,'ROUX','Florence','froux',NULL),(74,'KARTMANN','Liza','lkartman',NULL),(75,'DIARA','Mariline','mdiara',NULL),(76,'RAHAL','Antoinette','arahal',NULL),(77,'SILVA','Alain','asilva',NULL),(78,'FAYE','Georges','gfaye',NULL),(79,'GBAGUIDI','Rachel','rgbaguid',NULL),(80,'CISSE','Irene','icisse',NULL),(81,'BASSE','Aboubacar','abasse',NULL),(82,'DIOKHANE','Dame','ddiokhan',NULL),(83,'NDIONE','Josephine','jndione',NULL),(84,'NDIAYE','Aissatou','andiaye',NULL),(85,'DE LOUSTAL','Thierry','tde lous',NULL),(86,'CABANE','Romain','rcabane',NULL),(87,'SARR','Francois','fsarr',NULL),(88,'WANE','Ahmadou Tidiane','awane',NULL),(89,'DACOSTA','Suzanne','sdacosta',NULL),(90,'SORBADERE','Pierre','psorbade',NULL),(91,'DERWICHE','Rina','rderwich',NULL),(109,'JEANNETTE','soeur','sjeannet',NULL),(93,'BECHARA','Evelyne','ebechara',NULL),(94,'SALEH','Najat','nsaleh',NULL),(95,'SY','Jacqueline','jsy',NULL),(96,'BIAGUI','Adolphe','abiagui',NULL),(97,'GROUAS','Valerie','vgrouas',NULL),(98,'MAERTENS','Philippe','pmaerten',NULL),(99,'NDIONE','Pierre-Claver','pndione',NULL),(100,'BRUNO','Frere','fbruno',NULL),(103,'NDOUR','Birame','bndour',NULL),(111,'FAYE','Florence','ffaye','florencefaye70@yahoo.fr'),(114,'GBAGUIDI','Maurice','mgbaguid',NULL),(115,'JAROUSSE','Anne','ajarouss',NULL);
UNLOCK TABLES;
/*!40000 ALTER TABLE `PROFESSEUR` ENABLE KEYS */;

--
-- Table structure for table `TRIMESTRE`
--

DROP TABLE IF EXISTS `TRIMESTRE`;
CREATE TABLE `TRIMESTRE` (
  `id_eleve` int(2) NOT NULL default '0',
  `id_moyenne` int(2) NOT NULL auto_increment,
  `id_matiere` int(2) NOT NULL default '0',
  `TRIMESTRE` int(2) NOT NULL default '0',
  `appreciation_generale` text NOT NULL,
  `conseil_pour_progresser` text NOT NULL,
  `moyenne` float default NULL,
  `coef` int(2) NOT NULL default '0',
  `moyenne_classe` float default NULL,
  PRIMARY KEY  (`id_eleve`,`id_moyenne`,`id_matiere`),
  KEY `fkELEVE` (`id_eleve`),
  KEY `fkMOYENNE` (`id_moyenne`),
  KEY `fkMATIERE` (`id_matiere`)
) ENGINE=MyISAM DEFAULT CHARSET=latin1 PACK_KEYS=0 DELAY_KEY_WRITE=1;

--
-- Dumping data for table `TRIMESTRE`
--


/*!40000 ALTER TABLE `TRIMESTRE` DISABLE KEYS */;
LOCK TABLES `TRIMESTRE` WRITE;
INSERT INTO `TRIMESTRE` VALUES (230,1,13,1,'Bon trimestre. Bons résultats. Aucune participation quel dommage','Il faut continuer comme ça',16.87,1,13.22),(234,2,13,1,'Bon trimestre. Bons resultats.Aucune participation quel dommage','Il faut continuer comme ça',16,1,13.22),(235,3,13,1,'Assez bien dans l\'ensemble.','Il faut continuer comme ça',13.12,1,13.22),(236,4,13,1,'Bon trimestre. Bons résultats.','Il faut continuer comme ça',16.62,1,13.22),(238,5,13,1,'Très bon trimestre. Très bons résultats','Il faut continuer comme ça',17.62,1,13.22),(239,6,13,1,'Les résultats sont très justes ce trimestre','Il ne faut pas se décourager et perseverer',10.87,1,13.22),(240,7,13,1,'Les résultats sont très justes ce trimestre',' Il ne faut pas se décourager et perseverer',11.75,1,13.22),(242,8,13,1,'Les résultats sont très justes ce trimestre','Il faut poursuivre les efforts',12.12,1,13.22),(244,9,13,1,'Bon trimestre. Bons résultats',' Il faut continuer comme ça',14.5,1,13.22),(245,10,13,1,'Assez bien dans l\'ensemble. Bonne participation','Il faut poursuivre les efforts.',13.62,1,13.22),(246,11,13,1,'Aucun travail. Aucune participation. Beaucoup de lacunes et de difficultés','Il faut se mettre au travail au plus vite',4.25,1,13.22),(250,12,13,1,'Bon trimestre. Bons résultats',' Il faut continuer comme ça',14.25,1,13.22),(251,13,13,1,'Bon trimestre. Bons résultats.','Il faut continuer comme ça',14.37,1,13.22),(252,14,13,1,'Résultats insuffisants ce trimestre','Il ne faut pas se décourager et perseverer',11.5,1,13.22),(253,15,13,1,'Assez bien dans l\'ensemble','Guillaume peut mieux faire s\'il le veut.',12.25,1,13.22),(254,16,13,1,'Résultats insuffisants ce trimestre','Il faut poursuivre les efforts.',8.12,1,13.22),(255,17,13,1,'Les résultats sont justes ce trimestre','Il faut poursuivre les efforts',12.87,1,13.22),(256,18,13,1,'Bon trimestre. Bons résultats. Bonne participation','Il faut continuer comme ça',15.5,1,13.22),(257,19,13,1,'Bon trimestre. Bons résultats.','Il faut continuer comme ça',15,1,13.22),(259,20,13,1,'Assez bien dans l\'ensemble','Il faut poursuivre les efforts',13.87,1,13.22),(260,21,13,1,'Résultats insuffisants ce trimestre','Il ne faut pas se décourager et perseverer',9.12,1,13.22),(261,22,13,1,'Bon trimestre. Bons résultats. Très bonne participation','Il faut continuer comme ça.',16.37,1,13.22),(262,23,13,1,'Bon trimestre. Bons résultats. Aucune participation quel dommage','Il faut continuer comme ça et participer',15.87,1,13.22),(198,24,15,1,'Savoir :  14,5,  Savoir Faire : 8 . Des résultats insuffisants en savoir faire   \r\n','Faire des efforts de concentration sur les exercices demandés et bien respecter la métholologie\r\n',9.3,1,10.87),(199,25,15,1,'Savoir : 16,  Savoir Faire : 10,8 Des résultats acceptables .                                                                     \r\n','Bien respecter les consignes et  la méthodologie\r\n',11.8,1,10.87),(200,26,15,1,'Savoir : 10,3,  Savoir Faire :  7,4 Des résultats insuffisants  surtout en savoir faire\r\n','Faire des efforts de concentration sur les exercices demandés et bien respecter la métholologie\r\n',7.95,1,10.87),(201,27,15,1,'Savoir :15,  Savoir Faire : 12,3 Des résultats convenables            \r\n','Continuez\r\n',12.8,1,10.87),(332,28,15,1,'Savoir :16,8,  Savoir Faire11 . Bien en savoir. Trop juste en savoir faire. \r\n','Bien respecter la méthodologie et les consignes. Mieux tenir son cahier et prendre les notes\r\n',10.95,1,10.87),(203,29,15,1,'Savoir :13,  Savoir Faire : 8,1. Des résultats beaucoup trop justes   \r\n','Etre plus attentif en classe, plus concentrer sur les exercices et bien respecter la méthodologie\r\n',9.1,1,10.87),(204,30,15,1,'Savoir :14,3,  Savoir Faire : 7,8 Des résultats beaucoup trop justes  \r\n','Etre plus attentif en classe, plus concentrer sur les exercices et bien respecter la méthodologie\r\n',9.05,1,10.87),(205,31,15,1,'Savoir :9,5,  Savoir Faire : 9,1  Eleve séreiuse mais des résultats trop justes\r\n','Bien apprendre ses leçons mais surtout bien comprendre et respecter les consignes, bien maitriser la méthodologie, \r\n',9.2,1,10.87),(206,32,15,1,'Savoir :16,  Savoir Faire : 9,5 Elève sérieuse Bien en savoir, insuffisant en savoir faire   \r\n','Bien respecter les consignes et  la méthodologie.S\'exprimer davantage en classe\r\n',10.8,1,10.87),(207,33,15,1,'Savoir :15,5,  Savoir Faire : 11,3  Elève sérieuse Ensemble convenable  \r\n','Continuez. Bien respecter les consignes et la méthodologie\r\n',12.1,1,10.87),(208,34,15,1,'Savoir : 9, Savoir Faire :  10 Elève sérieuse  mais Des résultats beaucoup trop justes \r\n','S\'exprimer davantage en classe. Bien assimiler les leçons, bien respecter les consignes et la méthodologie\r\n',9.8,1,10.87),(209,35,15,1,'Savoir : 17,  Savoir Faire : 10,3 Bien en savoir, trop juste en savoir faire   \r\n','Etre plus soigné et plus concentré dans le travail. Bien respecter les consignes et la méthodologie.\r\n',11.6,1,10.87),(210,36,15,1,'Savoir :15,3,  Savoir Faire : 9,9. Elève sérieuse Bien en savoir mais trop juste en savoir faire\r\n','S\'exprimer davantage en classe. Bien  respecter les consignes et la méthodologie\r\n',10.95,1,10.87),(211,37,15,1,'Savoir :16,  Savoir Faire :11,4 Eleve sérieuse. Bonne participation en classe . Des résultats convenables    \r\n','Continuez\r\n',12.3,1,10.87),(212,38,15,1,'Savoir : 19,5 ,  Savoir Faire : 12,5 Eleve sérieuse mais trop dicrète. De bons résultats\r\n','Continuez et participez davantage en classe\r\n',13.9,1,10.87),(213,39,15,1,'Savoir :14,3,  Savoir Faire :  9,1 Acceptable en savoir . Trop  juste en savoir faire\r\n','Bien respecter les consignes et la méthodologie.Travailler la cartographie\r\n',11.15,1,10.87),(214,40,15,1,'Savoir :14,3,  Savoir Faire :  9,1 Acceptable en savoir . Trop  juste en savoir faire\r\n','Etre plus attentif en classe, plus concentrer sur les exercices et bien respecter la méthodologie\r\n',10.15,1,10.87),(215,41,15,1,'Savoir :14,8,  Savoir Faire : 9,4 Convenable en savoir. Juste en savoir faire\r\n','Bien respecter les consignes et la méthodologie.Travailler la cartographie\r\n',10.45,1,10.87),(216,42,15,1,'Savoir :13,  Savoir Faire : 11,4 Elève sérieuse Des résultats acceptables   \r\n','Bien respecter les consignes et la méthodologie. S\'exprimer davantage en classe.\r\n',11.7,1,10.87),(217,43,15,1,'Savoir :11,5,  Savoir Faire : 9,6 Des résultats d\'ensemble un peu trop justes   \r\n','Bien respecter les consignes et la méthodologie. S\'exprimer davantage en classe.\r\n',10,1,10.87),(218,44,15,1,'Savoir : 13,3,  Savoir Faire : 9,5 Elève sérieuse Acceptable en savoir. Trop juste en savoir faire   \r\n','Bien respecter les consignes et la méthodologie. S\'exprimer davantage en classe.\r\n',10.25,1,10.87),(220,45,15,1,'Savoir : 14,8,  Savoir Faire : 9,9  Bien savoir Un peu juste en savoir faire   \r\n','Bien respecter les consignes et la méthodologie. Améliorer la prise de notes\r\n',10.85,1,10.87),(221,46,15,1,'Savoir :19,3,  Savoir Faire 12,8 :    Bonne élève sérieuse, motivée. Bons résultats\r\n','Contrinuez\r\n',14.05,1,10.87),(222,47,15,1,'Savoir :18,  Savoir Faire : 11,6 Elève sérieux Très bien en savoir, convenable en savoir faire\r\n','S\'exprimer davantage en classe.Parfaire la méthodologie\r\n',12.9,1,10.87),(223,48,15,1,'Savoir :13,  Savoir Faire : 8,5  Acceptable en savoir mais beaucoup trop juste en savoir faire  Bonne participation en classe \r\n','Bien respecter les consignes et la méthodologie.\r\n',9.4,1,10.87),(224,49,15,1,'Savoir : 16,8,  Savoir Faire : 11,9  Eleve sérieuse. Bonne participation en classe . Des résultats convenables   \r\n','Continuez mais respectez bien les consignes et la méthodologie\r\n',12.85,1,10.87),(225,50,15,1,'Savoir : 10,  Savoir Faire : 9,5 Elève trop discrète Un ensemble trop juste\r\n','S\'exprimer davantage en classe. Bien assimiler les leçons, bien respecter les consignes et la méthodologie\r\n',9.6,1,10.87),(226,51,15,1,'Savoir :12,  Savoir Faire : 9,3 Elève trop discrète Un ensemble trop juste\r\n','S\'exprimer davantage en classe. Bien assimiler les leçons, bien respecter les consignes et la méthodologie.Améliorer la prise de notes\r\n',9.8,1,10.87),(227,52,15,1,'Savoir :13,8,  Savoir Faire : 9,1 Elève sérieux, participe en classe. Acceptable en savoir mais trop juste en savoir faire\r\n','Bien respecter les consignes et la méthodologie.\r\n',10.05,1,10.87),(228,53,15,1,'Savoir :14,5,  Savoir Faire : 10,8 Elève sérieux, participe en classe. Acceptable en savoir mais un peu juste en savoir faire\r\n','Bien respecter les consignes et la méthodologie.\r\n',11.5,1,10.87),(229,54,15,1,'Savoir :14,3,  Savoir Faire : 9,6 Elève sérieuse Bien en savoir Un peu juste en savoir faire  \r\n','Bien respecter les consignes et la méthodologie. Participer davantage en classe\r\n',10.55,1,10.87),(230,55,5,1,'Résultats satisfaisants','Faire preuve de plus de rigueur et avoir le sens du détail.',13.5,1,9.35),(231,56,5,1,'Résultats insuffisants.','Faire de nombreux exercices et approfondir le cours.',7.5,1,9.35),(232,57,5,1,'Résultats moyens','Eviter les étourderies.Faire preuve de plus de rigueur et avoir le sens du détail.',11,1,9.35),(233,58,5,1,'Résultats insuffisants.','Faire de nombreux exercices et approfondir le cours.',7,1,9.35),(234,59,5,1,'Résultats moyens','Eviter les étourderies.Faire preuve de plus de rigueur et avoir le sens du détail.',10.5,1,9.35),(235,60,5,1,'Résultats satisfaisants','Eviter surtout les étourderies et la panique lors du devoir.Faire preuve de plus de rigueur et avoir le sens du détail.',12,1,9.35),(236,61,5,1,'Résultats moyens.\r\nUn bon DS2','Eviter les étourderies.Faire preuve de plus de rigueur et avoir le sens du détail.Continuez dans le sens du DS2',10.5,1,9.35),(237,62,5,1,'Résultats insuffisants.','Faire de nombreux exercices et approfondir le cours.',7,1,9.35),(238,63,5,1,'Résultats satisfaisants mais peut mieux faire.','Continuez dans le sens du DS2.Les résultats seront au rendez-vous.',13,1,9.35),(239,64,5,1,'Résultats insuffisants.','Faire de nombreux exercices et approfondir le cours.',7.5,1,9.35),(240,65,5,1,'Résultats très insuffisants.','Faire de nombreux exercices et approfondir le cours.Travailler en groupe.',6.5,1,9.35),(241,66,5,1,'Résultats à peu près satisfaisants mais peut mieux faire.','Eviter surtout les étourderies et la panique lors du devoir.Faire preuve de plus de rigueur et avoir le sens du détail.',11.5,1,9.35),(242,67,5,1,'Résultats insuffisants.','Faire de nombreux exercices et approfondir le cours.',9,1,9.35),(243,68,5,1,'Résultats insuffisants mais peut nettement mieux faire.','Eviter surtout les étourderies .Faire preuve de plus de rigueur et avoir le sens du détail.',9.5,1,9.35),(244,69,5,1,'Résultats insuffisants.','Faire preuve de plus de rigueur et avoir le sens du détail.',9.5,1,9.35),(245,70,5,1,'Résultats moyens. Peut mieux faire.','Faire preuve de plus de rigueur et avoir le sens du détail.',11,1,9.35),(246,71,5,1,'Résultats insuffisants.','Faire surtout preuve de plus de rigueur et avoir le sens du détail.Les résultats n\'en seront que meilleurs.',9.5,1,9.35),(247,72,5,1,'Résultats insuffisants.','Faire preuve de plus de rigueur et avoir le sens du détail.',9.5,1,9.35),(248,73,5,1,'Résultats insuffisants.','Faire de nombreux exercices et approfondir le cours.',8.5,1,9.35),(249,74,5,1,'Résultats très insuffisants.','Faire de nombreux exercices et approfondir le cours.Travailler en groupe.',6.5,1,9.35),(250,75,5,1,'Résultats faibles','Travailler le cours.\r\nFaire de nombreux exercices. Travailler en groupe.',4,1,9.35),(251,76,5,1,'Résultats insuffisants.','Eviter surtout les étourderies.Faire preuve de plus de rigueur et avoir le sens du détail.',9.5,1,9.35),(252,77,5,1,'Très souvent absent. Deux notes (3.5 et 07)mais non significatives du niveau ','Eviter surtout les étourderies.Faire preuve de plus de rigueur et avoir le sens du détail.',NULL,1,9.35),(253,78,5,1,'Résultats insuffisants mais peut mieux faire.','Eviter les étourderies.Faire preuve de plus de rigueur et avoir le sens du détail.',9.5,1,9.35),(254,79,5,1,'Résultats insuffisants.','Faire de nombreux exercices et approfondir le cours.Travailler en groupe.',7.5,1,9.35),(255,80,5,1,'Résultats insuffisants.','Faire de nombreux exercices et approfondir le cours.Travailler en groupe.',8,1,9.35),(256,81,5,1,'Résultats insuffisants mais peut mieux faire en restant concentré.','Eviter surtout les étourderies.Faire preuve de plus de rigueur et avoir le sens du détail.',9.5,1,9.35),(257,82,5,1,'Résultats moyens','Faire preuve de plus de rigueur et avoir le sens du détail.',11,1,9.35),(258,83,5,1,'Résultats satisfaisants','Faire surtout preuve de plus de rigueur et avoir le sens du détail.Les résultats n\'en seront que meilleurs.',12,1,9.35),(259,84,5,1,'Résultats satisfaisants','Faire preuve de plus de rigueur et avoir le sens du détail.',12.5,1,9.35),(260,85,5,1,'Résultats très insuffisants.','Faire de nombreux exercices et approfondir le cours.Travailler en groupe.',6.5,1,9.35),(261,86,5,1,'Résultats insuffisants.Peut néanmoins mieux faire.','Eviter surtout les étourderies.Faire preuve de plus de rigueur et avoir le sens du détail.',9,1,9.35),(262,87,5,1,'Résultats satisfaisants.Un bon DS2 Continuez dans ce sens.','Continuez dans le sens du DS2.',12.5,1,9.35),(263,88,5,1,'Résultats insuffisants.','Eviter surtout les étourderies.Faire preuve de plus de rigueur et avoir le sens du détail.',9.5,1,9.35),(264,89,5,1,'Résultats moyens','Faire preuve de plus de rigueur et avoir le sens du détail.',10.5,1,9.35),(265,90,5,1,'Résultats très insuffisants.','Faire de nombreux exercices et approfondir le cours.Travailler en groupe.',6,1,9.35),(266,91,5,1,'Résultats insuffisants.','Faire de nombreux exercices et approfondir le cours.Travailler en groupe.',8.5,1,9.35),(223,92,13,1,'De bons résultats dans l\'ensemble.','Doit participer à l\'oral.',14,1,10.27),(230,123,4,1,'Bon travail,Ensemble satisfaisant','Continuez ainsi',15.83,1,11.79),(225,94,13,1,'Elève intéressée qui participe bien à l\'oral.','Doit participer à l\'oral.',13.66,1,10.27),(226,95,13,1,'Ensemble insuffisant.','Doit participer au cours.',8.25,1,10.27),(227,96,13,1,'Ensemble faible.','Doit participer au cours.',7,1,10.27),(228,97,13,1,'C\'est insuffisant mais élève sérieux.','Doit participer au cours.',8.75,1,10.27),(229,98,13,1,'Résultats à peu près acceptables. Participe bien au cours.','Doit participer au cours.',11.66,1,10.27),(332,99,13,1,'Aucune base.','Doit participer au cours.',0.5,1,10.27),(198,100,13,1,'Passable. Doit mieux faire.','',10.66,1,10.27),(234,127,4,1,'Insuffisant,','Vous pouvez mieux faire, remuez vous',8.66,1,11.79),(200,102,13,1,'Un trop faible niveau.','',4.75,1,10.27),(203,104,13,1,'En progrès.Elève sérieuse.','',12,1,10.27),(204,105,13,1,'C\'est faible.','Il faut travailler.',6,1,10.27),(205,106,13,1,'Un faible niveau.','Il faut travailler.',6,1,10.27),(206,107,13,1,'En progrès. Elève sérieuse.','Il faut travailler.',12.33,1,10.27),(207,108,13,1,'C\'est insuffisant.','Doit faire des efforts.',7.75,1,10.27),(233,126,4,1,'Trimestre décevant','Il faut vous ressaisir trés vite',6.83,1,11.79),(232,125,4,1,'Assez bien dans l ensemble','plus de dynamisme dans les TP',13,1,11.79),(211,112,13,1,'Elève sérieuse.','Doit faire des efforts.',14.25,1,10.27),(212,113,13,1,'Tout juste passable.','Doit faire des efforts.',10.5,1,10.27),(231,124,4,1,'Juste passable ','Participer davantage dans les Travaux pratiques',10.5,1,11.79),(215,116,13,1,'C\'est bien dans l\'ensemble.','Doit faire des efforts.',15,1,10.27),(216,117,13,1,'c\'est insuffisant.','il faut suivre le cours.',7.5,1,10.27),(217,118,13,1,'de bons résultats dans l\'ensemble.','il faut suivre le cours.',14.75,1,10.27),(218,119,13,1,'Résultats assez bons.','il faut suivre le cours.',13,1,10.27),(220,120,13,1,'Ensemble tout juste moyen.','il faut suivre le cours.',11.25,1,10.27),(221,121,13,1,'Résultats tout juste moyens.','il faut suivre le cours.',10.25,1,10.27),(222,122,13,1,'Elève intéressée.De très bons résultats.','il faut suivre le cours.',16.5,1,10.27),(235,128,4,1,'Assez bien dans l ensemble','Trés motivée, vous devriez y arriver ',13.83,1,11.79),(236,129,4,1,'Bien dans l\'ensemble','Bonne participation aux TP, Continuez',14.33,1,11.79),(237,130,4,1,'Insuffisant','Travaillez d avantage à la maison',9.5,1,11.79),(238,131,4,1,'Excellent trimestre','Continuez ainsi',16.66,1,11.79),(239,132,4,1,'Assez bien dans l\'ensemble','Plus de motivation aux TP',12.5,1,11.79),(240,133,4,1,'Bon trimestre ','Continuez ainsi',14.66,1,11.79),(241,134,4,1,'Insuffisant','Plus de motivation  dans le travail',8.66,1,11.79),(242,135,4,1,'Juste passable ','Vous en avez les capacités ,Foncez',10.66,1,11.79),(243,136,4,1,'Assez bien ','Vous pouvez mieux faire ',13.33,1,11.79),(244,137,4,1,'Exellent trimestre','Continuez',16.33,1,11.79),(245,138,4,1,'Insuffisant, Manque de travail','Mettez vous sérieusement au travail',8.66,1,11.79),(246,139,4,1,'Assez bien ','Vous en avez les potentialités,Foncez',12.66,1,11.79),(247,140,4,1,'Trés insuffisant','Travaillez d\'avantage à la maison',6.16,1,11.79),(248,141,4,1,'Assez bien ','Vous devez faire des efforts aux TP',13.5,1,11.79),(249,142,4,1,'Insuffisant,','Travaillez plus souvent à la maison',9.16,1,11.79),(250,143,4,1,'Resource id #27','Travaillez plus souvent à la maison',NULL,1,11.79),(251,144,4,1,'Passable,','Plus de travail à la maison',10.83,1,11.79),(252,145,4,1,'Resource id #29','Plus de travail à la maison',NULL,1,11.79),(253,146,4,1,'Passable ','Avec un plus de sérieux vous devez y arriver',11,1,11.79),(254,147,4,1,'Passable','Accrochez vous, cela devrez venir',10.33,1,11.79),(255,148,4,1,'Bien ','Soyez plus attentif aux TP',14.5,1,11.79),(256,149,4,1,'Bien','Continuez ',15.66,1,11.79),(257,150,4,1,'Insuffisant','Plus de concentration dans le travail',9.33,1,11.79),(258,151,4,1,'Trés insuffisant','Travaillez d avantage à la maison',8,1,11.79),(259,152,4,1,'Bien, ','Continuez ',14,1,11.79),(260,153,4,1,'Insuffisant','Travaillez d avantage à la maison',9.83,1,11.79),(261,154,4,1,'Juste passable ','Vous pouvez mieux faire',11,1,11.79),(262,155,4,1,'Bien ','Continuez',14.5,1,11.79),(263,156,4,1,'Insuffisant','Travaillez d avantage à la maison',9.66,1,11.79),(264,157,4,1,'Juste passable','Vous en avez les capacités Allez y ',11.5,1,11.79),(265,158,4,1,'Assez bien dans l ensemble','Vous pouvez mieux faire',13.5,1,11.79),(266,159,4,1,'Assez bien ','Soyez plus sérieux en classe',13.66,1,11.79),(167,160,13,1,'C\'est insuffisant malgré une bonne volonté.','Doit reprendre les bases de la grammaire',9,1,11.5),(168,161,13,1,'Très bons résultats. A améliorer.\r\n','\r\n',16,1,11.5),(169,162,13,1,'Résultats tout juste passables.','\r\n',10,1,11.5),(170,163,13,1,'Bons résultats. Bon trimestre. Attendons encore plus de toi.','\r\n',14,1,11.5),(172,164,13,1,'Insuffisant','Doit mieux participer en cours.',9.66,1,11.5),(173,165,13,1,'Insuffisant.','Gagnerait à être plus concentré en classe.\r\n',9.33,1,11.5),(174,166,13,1,'Bons résultats.A améliorer avec plus de participation.','',14,1,11.5),(182,174,13,1,'Résultats juste passables.','',10,1,11),(175,167,13,1,'','',NULL,1,11.5),(176,168,13,1,'Insuffisant.','Doit travailler davantage.',9,1,11.5),(177,169,13,1,'Résultats satisfaisants.','\r\n',12,1,11.5),(178,170,13,1,'Résultats juste moyens','',11.33,1,11.5),(179,171,13,1,'Insuffisant.','Doit se mettre en confiance et travailler en conséquence.',9.33,1,11.5),(180,172,13,1,' Bons résultats.A améliorer.','',14.33,1,11.5),(183,175,13,1,'C\'est faible.','Doit reprendre ses bases et s\'armer de volonté.',5,1,11),(181,173,13,1,'','',NULL,1,11.5),(184,176,13,1,'Très bons résultats. Elève sérieuse et intéressée.','',15.33,1,11),(185,177,13,1,'Bons résultats. Elève sérieux.\r\n','',14.66,1,11),(190,182,13,1,'Insuffisant','Doit mieux participer à l\'oral.',8,1,7.83),(186,178,13,1,'Bons résultats ','Peut mieux réussir avec plus d\'implication dans le cours.',12.66,1,11),(187,179,13,1,'C\'est insuffisant.','Manque de rigueur avec soi et dans son travail.',8.33,1,11),(188,180,13,1,'','',NULL,1,11),(189,181,13,1,'','',NULL,1,7.83),(191,183,13,1,'Insuffisant.','Doit être plus sérieux dans son travail.',7,1,7.83),(192,184,13,1,'c\'est insuffisant.','Gagnerait à s\'intéresser plus et à s\'impliquer en classe.',9.33,1,7.83),(193,185,13,1,'C\'est faible.','Doit reprendre ses bases.',5.33,1,7.83),(195,186,13,1,'','',NULL,1,7.83),(196,187,13,1,'Résultats juste passables.','',10,1,7.83),(197,188,13,1,'Insuffisant. Ne porte aucun intérêt à ce qui se fait en classe.','',7.33,1,7.83),(242,240,36,1,'Travail un peu superficiel. C\'est dommage. Sérieux en classe.','Passe plus de temps à réviser pour les contrôles de connaissances.',8.66,1,0),(241,239,36,1,'Peu d\'efforts dans le travail.','Ressaisis-toi car les trimestres à venir seront plus difficiles.',7.75,1,0),(240,238,36,1,'Travail sérieux, trimestre correct.','Continue.',11.41,1,0),(239,237,36,1,'Sérieuse dans l\'ensemble. La moyenne devrait monter quand Reyane sera habituée aux contrôles communs.','Continue, en accentuant les efforts.',9.83,1,0),(238,236,36,1,'C\'est très bien, bravo. De la rigueur, et du sérieux.','Continue.',16.91,1,0),(237,235,36,1,'Travail un peu superficiel.','Attention car le 2e trimestre sera plus difficile et demandera un travail plus fourni.',9.25,1,0),(236,234,36,1,'Très bon trimestre.Travail solide, bon niveau.','Continue!',16.33,1,0),(235,233,36,1,'Trimestre satisfaisant.Elève volontaire.','Continue dans ce sens.',11.83,1,0),(234,232,36,1,'Trimestre correct.','Accentue les efforts dans le travail personnel pour maintenir (ou améliorer) le niveau.',10.83,1,0),(233,231,36,1,'Ensemble correct. Elève sérieuse.','Accentue le travail personnel au 2e trimestre pour maintenirle niveau correct.',11,1,0),(232,230,36,1,'Très bon trimestre. Travail sérieux.','Continue; tu devrais progresser pour les contrôles communs.',14.66,1,0),(231,229,36,1,'Elève attentive en classe mais assez réservée.','Approfondisle travail personnel pour combler les lacunes.Pose des questions quand tu ne comprends pas.',5.33,1,0),(230,228,36,1,'Elève sérieuse,attentive,  qui cherche à progresser.','Continue dans ce sens.',11.58,1,0),(232,227,3,1,'Résultat moyen','Ne relâchez pas vos efforts !',0,1,0),(230,226,3,1,'Bon travail dans l\'ensemble','Continuez ainsi',0,1,0),(267,241,15,1,'Assez bon travail dans l\'ensemble','Doit améliorer ses connaissances en exploitant le plus souvent possible son livre.\r\n ',13.62,1,0),(268,242,15,1,'Travail insuffisant.','Doit redobler d\'efforts et participer beaucoup plus en classe.',8.25,1,0),(269,243,15,1,'Assez bon travail dans l\'ensembe.','Doit le plus ouvent consulter son livre au programme.',13,1,0),(270,244,15,1,'Travail insuffisant.','Elève distrait.Doit changer de coportement et redoubler d\'efforts.',8.25,1,0),(271,245,15,1,'Bon travail dans l\'ensemble.','Doit continuer.',15,1,0),(272,246,15,1,'Assez bon dans l\'ensemble.','Doit participer beaucoup plus en cours.',12.62,1,0),(273,247,15,1,'Travail moyen.','Peut mieux faire en étant plus concentré en cours.',11.25,1,0),(274,248,15,1,'Travail très insuffisant.','Doit participer beaucoup plus en cours et redoubler d\'efforts.',6.87,1,0),(275,249,15,1,'Travail moyen.','Peut mieux faire en participant un peu plus en cours et en exploitant beaucoup plus son livre au programme.',10.37,1,0),(276,250,15,1,'Assez bon dans l\'ensemble.Des progrès constatés cette année.','Peut mieux faire en exploitant très souvent son livre au programme.',12,1,0),(277,251,15,1,'Travail moyen.','Trop timide.Doit participer beaucoup plus en cours.',11.37,1,0),(278,252,15,1,'Assez bo dans l\'ensemble.','Doit participer beaucoup plus en cours.',12.87,1,0),(279,253,15,1,'Travail moyen.','Peut mieux faire en exploitant beaucoup plus son livre au programme.',9.5,1,0),(280,254,15,1,'Assez bon dans l\'ensemble.','Peut mieux en étant moins affolée pendant les devoirs.',12.25,1,0),(281,255,15,1,'Travail très moyen.','Doit être plus concentré en cours.',10.5,1,0),(282,256,15,1,'Assez bon travail dans l\'ensemble. ','Peut mieux faire en approfondissant ses connaissances à travers une exploitation beaucoup plus régulière de son livre au programme. ',13.75,1,0),(283,257,15,1,'Bon dans l\'ensemble.','Doit persévérer.',14,1,0),(284,258,15,1,'Assez bon dans l\'ensemble.','Peut mieux faire en étant beaucoup plus concentré en cours.',12.5,1,0),(285,259,15,1,'Travail insuffisant.','Doit redoubler d\'efforts et participer beaucoup plus en cours.',8.87,1,0),(286,260,15,1,'Travail encore moyen.','Peut mieux faire.Doit exploiter beaucoup plus son livre au rogramme.',10.75,1,0),(287,261,15,1,'Assez bon dans l\'ensemble.','Peut mieux faire en participant beaucoup plus en cours et en exloitant très souvent son livre au programme.',12.5,1,0),(288,262,15,1,'Assez bon dans l\'ensemble.','Peut mieux faire en participant le plus souvent possible en cours.',13,1,0),(289,263,15,1,'Travail encore moyen.','Doit participer plus au cours et prendre beaucoup plus au sérieux son travail.',9.75,1,0),(290,264,15,1,'Assez bon travail travail dans l \'ensemble.','Elève sérieuse.Doit le plus souvent exploiter son livre au programme.',12.5,1,0),(291,265,15,1,'Assez bon dans l\'ensemble.','Peut mieux faire en participant le plus souvent en cours.',12.25,1,0),(292,266,15,1,'Travail encore moyen.','Doit redoubler d\'eforts et prendre plus au sérieux son travail. ',10,1,0),(293,267,15,1,'Travail moyen dans l\'ensemble.','Peut mieux faire en étant beaucoup plus concentrée en cours.',11.5,1,0),(294,268,15,1,'Travail encore très insufisant.','Doit participer au cours et exploiter le plus souvent son livre au programme.',9,1,0),(295,269,15,1,'Travail encore moyen. ','Peut mieux faire en participant le plus souvent possible en cours.',11.87,1,0),(296,270,15,1,'Assez bon dans l\'ensemble.','Peut mieux faire en participant le plus souvent possible en cours.',12.12,1,0),(297,271,15,1,'Bon dans l\'ensemble.','Doit persévérer.',14,1,0),(298,272,15,1,'Assez bon dans l\'ensemble.','Peut mieux fare en participant le plus souvent possible en cours.',12,1,0),(299,273,15,1,'Ensemble très moyen.Manque de sérieux dans le travail.','Doit redoubler d\'efforts et se concentrer beaucoup plus en cours.',7.25,1,0),(300,274,15,1,'Ensemble encore moyen.','Doit redobler d\'efforts et se concentrer beaucoup plus pendant le cours.',9.75,1,0),(249,275,13,1,'Résultats insuffisants ce trimestre malgré quelques efforts.','Il faut travailler progessivement',8.5,1,13.22),(265,276,13,1,'Bon trimestre. Bons résultats. Aucune participation. Quel dommage','Il faut continuer comme ça et participer',15.62,1,13.22),(201,277,7,1,'Un ensemble bien satisfaisant.','Continuez ainsi',15,1,0),(208,278,7,1,'Très bien','Continuez',17.5,1,0),(214,279,7,1,'Travail satisfaisant. Elève en progrès','Maintenir les efforts',15,1,0),(301,280,7,1,'Un ensemble correct','Doit redoubler d\'efforts',12.16,1,0),(305,281,7,1,'Un trimestre bien satisfaisant','Continuez ainsi',15.16,1,0),(198,282,2,1,'ensemble insuffisant et trop irrégulier .\r\nDe la bonne volonté cependant .','Fournir un travail plus approfondi',7.07,1,10.24),(199,283,2,1,'Des progrès en cours de trimestre .\r\nDe la bonne volonté','Efforts à poursuivre.\r\nFournir un travail plus approfondi',8.5,1,10.24),(200,284,2,1,'Des difficultés réelles en dépit d\'une bonne volonté évidente .','Ne pas se décourager et poursuivre ses efforts .',6.64,1,10.24),(201,285,2,1,'Bon trimestre .\r\nTravail sérieux et régulier .','Efforts à poursuivre .',13,1,10.24),(203,286,2,1,'Travail insuffisant et trop irrégulier .Doit améliorer ses résultats .','Démontrer plus de motivation et approfondir son travail .',8.42,1,10.24),(204,287,2,1,'Des capacités mais le travail est trop irrégulier..','Travailler avec plus de sérieux et de motivation',10.28,1,10.24),(205,288,2,1,'Trop peu de travail et de motivation .\r\nIl faudra réagir .','Prendre conscience des enjeux de la classe de seconde et se mettre au travail .',7.07,1,10.24),(206,289,2,1,'De la bonne volonté mais les résultats demeurent insuffisants .','Approfondir son travail et ne pas se décourager .',8.92,1,10.24),(207,290,2,1,'En semble nettement insuffisant .\r\nTrop peu de travail .','Prendre conscience des enjeux de la classe de seconde .',7.21,1,10.24),(208,291,2,1,'Du sérieux et de la bonne volonté .\r\nLes résultats devraient progresser  .','Poursuivre ses efforts .',11.57,1,10.24),(209,292,2,1,'Beaucoup  de sérieux et de bonne volonté mais les difficultés persistent .','Ne pas se decourager et approfondir son travail .',7.71,1,10.24),(210,293,2,1,'Ensemble assez satisfaisant .\r\nPeut certainement mieux faire .','Travailler de maniére plus approfondie et méthodique .',12.92,1,10.24),(211,294,2,1,'Du sérieux et de la bonne volonté .\r\nLes résultats devraient progresser .','Poursuivre ses efforts .',12.14,1,10.24),(212,295,2,1,'Un bon trimestre .\r\nDe bonnes bases et de la motivation .',' Maintenir ses efforts .',16.57,1,10.24),(213,296,2,1,'Trés bon trimestre .\r\nTravail sérieux et régulier .','Continuer ainsi .',17.42,1,10.24),(214,297,2,1,'De la bonne volonté mais les difficultés persistent .','Ne pas se décourager et poursuivre ses efforts .',6.28,1,10.24),(215,298,2,1,'Un bon trimestre .\r\nTravail sérieux et régulier.','Travailler parfois de manière plus approfondie .',14.21,1,10.24),(216,299,2,1,'Les difficultés persistent .\r\nDes bases fragiles et un certain manque de motivation apparent .','Se motiver et se mettre réellement au travail .',5.5,1,10.24),(217,300,2,1,'Un ensemble insuffisant .\r\nLe travail est trop superficiel .','Travailler de maniére plus approfondie .',9.64,1,10.24),(218,301,2,1,'Un ensemble insuffisant .\r\nLe travail est trop superficiel .','Travailler de maniére plus approfondie .',9.92,1,10.24),(220,302,2,1,'Beaucoup de sérieux et de bonne volonté mais les difficultés persistent .','Ne pas se décourager et poursuivre ses efforts .',8.42,1,10.24),(221,303,2,1,'Un ensemble en progrès au cours du trimestre . ','Poursuivre ses efforts et travailler plus régulièrement .',9.42,1,10.24),(222,304,2,1,'Trimestre satisfaisant mais Solène peu certainement mieux faire .','Prendre de l\'assurance et gagner en concentration .',13.21,1,10.24),(223,305,2,1,'Trimestre satisfaisant .\r\nTravail sérieux et régulier .\r\n','Essayer de participer d\'avantage en classe .',14.21,1,10.24),(224,306,2,1,'Ensemble insuffisant .\r\nDe la bonne volonté cependant .','Poursuivre ses efforts .Les résultats devraient suivre .',9.85,1,10.24),(225,307,2,1,'Bon trimestre .\r\nLe travail est sérieux et régulier .','Poursuivre ses efforts .',14.14,1,10.24),(226,308,2,1,'Ensemble insuffisant .\r\nUn certain manque de motivation apparent .','Prendre conscience des enjeux de la classe des seconde et fournir les efforts nécessaires .',7.57,1,10.24),(227,309,2,1,'Résultas insuffisants .\r\nUn certain manque de motivation apparent .','Prendre conscience des enjeux de la classe des seconde et fournir les efforts nécessaires .',6.92,1,10.24),(228,310,2,1,'Un ensemble trop moyen .\r\nLe travail demeure trop superficiel .','Travailler de manière plus approfondie et régulière .',10.85,1,10.24),(229,311,2,1,'Un ensemble assez satisfaisant .\r\nPeut certainement mieux faire encore .','Toujours essayer d\'approfondir le travail demandé .',13.64,1,10.24),(332,312,2,1,'Ensemble insuffisant ce trimestre .\r\nDe la bonne volonté cependant .','Poursuivre ses efforts , les résultats devraient suivre ...',8.33,1,10.24);
UNLOCK TABLES;
/*!40000 ALTER TABLE `TRIMESTRE` ENABLE KEYS */;

/*!40101 SET SQL_MODE=@OLD_SQL_MODE */;
/*!40014 SET FOREIGN_KEY_CHECKS=@OLD_FOREIGN_KEY_CHECKS */;
/*!40014 SET UNIQUE_CHECKS=@OLD_UNIQUE_CHECKS */;
/*!40101 SET CHARACTER_SET_CLIENT=@OLD_CHARACTER_SET_CLIENT */;
/*!40101 SET CHARACTER_SET_RESULTS=@OLD_CHARACTER_SET_RESULTS */;
/*!40101 SET COLLATION_CONNECTION=@OLD_COLLATION_CONNECTION */;
/*!40111 SET SQL_NOTES=@OLD_SQL_NOTES */;

