-- MySQL dump 10.9
--
-- Host: localhost    Database: prof_notes_2006_2007
-- ------------------------------------------------------
-- Server version	4.1.11-Debian_4sarge7-log

/*!40101 SET @OLD_CHARACTER_SET_CLIENT=@@CHARACTER_SET_CLIENT */;
/*!40101 SET @OLD_CHARACTER_SET_RESULTS=@@CHARACTER_SET_RESULTS */;
/*!40101 SET @OLD_COLLATION_CONNECTION=@@COLLATION_CONNECTION */;
/*!40101 SET NAMES utf8 */;
/*!40014 SET @OLD_UNIQUE_CHECKS=@@UNIQUE_CHECKS, UNIQUE_CHECKS=0 */;
/*!40014 SET @OLD_FOREIGN_KEY_CHECKS=@@FOREIGN_KEY_CHECKS, FOREIGN_KEY_CHECKS=0 */;
/*!40101 SET @OLD_SQL_MODE=@@SQL_MODE, SQL_MODE='NO_AUTO_VALUE_ON_ZERO' */;
/*!40111 SET @OLD_SQL_NOTES=@@SQL_NOTES, SQL_NOTES=0 */;

--
-- Table structure for table `CLASSE`
--

DROP TABLE IF EXISTS `CLASSE`;
CREATE TABLE `CLASSE` (
  `id_classe` int(2) NOT NULL auto_increment,
  `nom_classe` char(3) NOT NULL default '',
  `id_pp` int(2) NOT NULL default '0',
  PRIMARY KEY  (`id_classe`),
  KEY `fkPP` (`id_pp`)
) ENGINE=MyISAM DEFAULT CHARSET=latin1;

--
-- Dumping data for table `CLASSE`
--


/*!40000 ALTER TABLE `CLASSE` DISABLE KEYS */;
LOCK TABLES `CLASSE` WRITE;
INSERT INTO `CLASSE` VALUES (1,'TES',10),(2,'TSA',5),(3,'TSB',6),(4,'TL2',7),(5,'TS1',19),(6,'TS2',19),(7,'1ES',22),(8,'1SA',17),(9,'1SB',12),(10,'1L2',78),(11,'1S1',78),(12,'1S2',78),(13,'2A',16),(14,'2B',18),(15,'2C',111),(16,'2L',8),(17,'2S',8);
UNLOCK TABLES;
/*!40000 ALTER TABLE `CLASSE` ENABLE KEYS */;

--
-- Table structure for table `CONTROLE`
--

DROP TABLE IF EXISTS `CONTROLE`;
CREATE TABLE `CONTROLE` (
  `id_controle` int(2) NOT NULL auto_increment,
  `nom_controle` varchar(20) NOT NULL default '',
  `coefficient` float NOT NULL default '0',
  `id_matiere` int(2) NOT NULL default '0',
  `id_classe` int(2) NOT NULL default '0',
  PRIMARY KEY  (`id_controle`),
  KEY `fkmatiere` (`id_matiere`)
) ENGINE=MyISAM DEFAULT CHARSET=latin1;

--
-- Dumping data for table `CONTROLE`
--


/*!40000 ALTER TABLE `CONTROLE` DISABLE KEYS */;
LOCK TABLES `CONTROLE` WRITE;
INSERT INTO `CONTROLE` VALUES (3,'ds analyse',1,2,10),(6,'17/10/2006',1,2,10),(10,'18/10/2006',1,8,5),(9,'interro 13/10/2006',0.5,4,7),(24,'19/10/2006',2,13,14),(23,'dm exp 3/10',1,8,2),(25,'19/10/2006',1,4,10),(26,'19/10/2006',1,15,16),(35,'19/10/2006',3,15,17),(28,'19/10/2006',1,4,10),(57,'controle1',1,3,14),(30,'19/10/2006',1,15,7),(86,'31/10/2006',2,2,2),(38,'19/10/2006',1,4,12),(37,'introduce yslf 6/10',0.5,8,14),(85,'TP2/ 10-10-06',1,5,13),(61,'30/10/2006',1,2,14),(73,'DS 1',1,2,8),(84,'TP1/ 03/10/06',1,5,13),(66,'DS 2',2,2,14),(67,'30/10/2006',1,15,14),(68,'07/10/06',1,13,15),(69,'16/10/2006',1,15,13),(70,'30/10/2006',1,13,15),(81,'30/10/2006',1,8,3),(82,'DS n° 1',1,5,8),(76,'30/10/2006',1,8,7),(77,'16/10/2006',2,15,13),(87,'IE1',0.5,2,2),(83,'30/10/2006',1,8,7),(88,'31/10/2006',1,5,17),(89,'19/10/2006',2,13,14),(90,'02/11/2006',1,15,10),(91,'02/11/2006',1,15,11),(92,'02/11/2006',1,15,12);
UNLOCK TABLES;
/*!40000 ALTER TABLE `CONTROLE` ENABLE KEYS */;

--
-- Table structure for table `ELEVE`
--

DROP TABLE IF EXISTS `ELEVE`;
CREATE TABLE `ELEVE` (
  `id_eleve` int(2) NOT NULL auto_increment,
  `nom_eleve` varchar(20) NOT NULL default '',
  `prenom_eleve` varchar(20) NOT NULL default '',
  `id_classe` int(2) NOT NULL default '0',
  PRIMARY KEY  (`id_eleve`),
  KEY `fkCLASSE` (`id_classe`)
) ENGINE=MyISAM DEFAULT CHARSET=latin1 PACK_KEYS=0 DELAY_KEY_WRITE=1;

--
-- Dumping data for table `ELEVE`
--


/*!40000 ALTER TABLE `ELEVE` DISABLE KEYS */;
LOCK TABLES `ELEVE` WRITE;
INSERT INTO `ELEVE` VALUES (1,'ABOUSALEH','MOHAMED',1),(2,'ADJOUA','LENA ANDREA',1),(3,'AHNE','HABY BATH',1),(4,'ASSI','SORAYA',1),(5,'BADREDINE','FATIMA',1),(6,'FALL','MARIAM',1),(7,'GEBARA','MOHAMED',1),(8,'GOMIS','GAELLE AMINATA',1),(9,'HANNOUCHE','SOUAD',1),(10,'KANE','IBRAHIMA',1),(11,'KHALIL','RANIA',1),(12,'LOPES','MARIE PIERRE ABSA',1),(13,'MBENGUE','BAYE MOHAMED',1),(14,'MBOUP','COUMBA ARENE',1),(15,'MOURAD','CHAIMA',1),(16,'NDIAYE','MAME ISSEU DIOR',1),(17,'NEHME','CHERINE',1),(18,'PIRES DIAS','NELLY',1),(19,'POPULO','LYDIA',1),(20,'POUYE','NDEYE NDIEME',1),(21,'SAAD','SAMAR',1),(22,'SAGNA','JEAN YVES NICOLAS',1),(23,'SARR','PAUL PIERRE',1),(24,'WEHBE','NEIF CHRISTOPHE',1),(25,'AMRANI HANCHI','SOUKAINA',2),(26,'ARDEKANI-DJONEIDI','NIKA',2),(27,'ATTYE','SAMIR',2),(28,'BAALBAKI','JOHANA HAOUI',2),(29,'DALUZ','LAURENT KEVIN',2),(30,'DEBOES','CHANELLE',2),(31,'DOURERADJAM','RAMON K. JULIEN',2),(32,'FATTAH','MOHAMED',2),(33,'GAFARI','HELENE',2),(34,'GHASSANI','ISSA',2),(35,'GHOZAYEL','JOANNA',2),(36,'ISSA','IBRAHIM',2),(37,'JABER','RACHA',2),(38,'KA','DJIBLIL CHIMERE',2),(39,'KALACH','MOHAMED',2),(40,'KAMARA','KHADIJATOU',2),(41,'LAYOUSSE','CHARBEL',2),(42,'MATTA','JEAN',2),(43,'NDAO','MAMADOU',2),(44,'NEMER','RAYAN',2),(45,'NIANG','NDEYE NGONE',2),(46,'RAD','KRYSTELE',2),(47,'SAHELI','AMAR ESTHER',2),(48,'SALMAN','RYAN',2),(49,'SALLOUM','REMY',2),(50,'SOW','CHEIKH TIDIANE',2),(51,'YOUSSEF','JAMILE',2),(52,'ADOU','SEMARIA JESSICA',3),(53,'ALI YAHIA','SARAH',3),(54,'DAW','RACHEL',3),(55,'DIAGNE','NDEYE FATOU',3),(56,'DIAGNE','PAPA OUSMANE',3),(57,'DIAITE','CORINE',3),(58,'FAUGER','MAISSA HAMIDOU',3),(59,'FILFILI','FOUAD',3),(60,'GOMEZ','CELIA CORALIE',3),(61,'HAIDAR','REDA',3),(62,'HALAOUI','RIWANE',3),(63,'HASSAN','WALID',3),(64,'HIE','SIRY ARNAUD BILICOL',3),(65,'KA','DIOUMEL',3),(66,'KANE','AWA',3),(67,'KONE','DONECI',3),(68,'LAYOUSSE','JOSEPH',3),(69,'MBAYE','CHEIKH ANTA',3),(70,'NDIAYE','ALASSANE',3),(71,'NEHME','MOHAMED',3),(72,'SAHELI','YOUSSEF',3),(73,'SECK','AMINATA DIOR',3),(74,'SOUMARE','ASTA BANTJI',3),(75,'SY','KHALIFA ABABACAR',3),(76,'YOUNES','HUSSEIN',3),(77,'BALDE','OUMOU',4),(78,'BASSENE','PETRONIC AGAICHA',4),(79,'CISSOKO','BAIDALAYE',4),(80,'DIOP','MARIEME FATOU',4),(81,'DIAKHATE','FATOUMATA',4),(82,'LAKHDAR','RANIA',4),(83,'NDIAYE','DIEYNABA',4),(84,'NDIAYE','RAMATOULAYE',4),(85,'SENE','MOUHAMADOU',4),(86,'SY','EL HADJ ABDOU AZIIZ',4),(87,'WAYZANI','LAYAL',4),(88,'DIA','ABDOULAYE',5),(89,'DIOP','MOHAMED LAMINE',5),(90,'NDIAYE','MARIE STELLA C. C.',5),(91,'SY','BIRAME ALDIOUMA',5),(92,'BADAOUI','ZAHRAA',6),(93,'DIENG','MARIAMA',6),(94,'DIOP','HASSIM BACHIR',6),(95,'DIOP','PAPE MOCTAR',6),(96,'FALL','CHEIKH A. B',6),(97,'HABIB','EMILIE ELISABETH',6),(98,'NASSAR','HEYSSAM',6),(99,'NDIONE','JULIE LEA',6),(100,'NIANG','ALIMATOU YVONNE',6),(101,'NIANG','IBRAHIM',6),(102,'SAR','ANTA',6),(103,'SOW','MAODO MALICK',6),(104,'ABDALLAH','MARWA',7),(105,'AYAD','ZOHRA',7),(106,'AYOUB BAALBAKI','CHARIFA',7),(107,'BALESDENS','CHARLOTTE',7),(108,'BASMA','LOUWANA',7),(109,'BOURGI','SANDRA',7),(110,'DAHROUGE','RAISSA RANNDA',7),(111,'DAW','AMANDA',7),(112,'GNASSOU','AUDE NATACHA',7),(113,'ESHOUR','ZEINA',7),(114,'FARHAT','KARINA',7),(115,'FILFILI','SAMI',7),(116,'HAWILI','NOUR',7),(117,'KAWAR','RAYSSA',7),(118,'KHADRA','FADI',7),(119,'LANGLOIS','JULIE',7),(120,'LOFF FERNANDES','MARIE TESSY',7),(121,'MAHTOUB','MIRNA',7),(122,'MARNAS','CHLOE CAROLINE',7),(123,'NDIAYE','BENJAMIN',7),(124,'NEMER','STEPHANE',7),(125,'OMAIS','NABIL',7),(126,'RANDRIANASOLO','ANDY MICHAEL',7),(127,'SY','NDATE BAPTISTE',7),(128,'THIAW','NDEYE CATHY',7),(129,'THOUMAS','ANDREA',7),(130,'VIERA','CECILE YVETTE LYDIA',7),(131,'ABOUSALEH','MAYA',8),(132,'AJAMI','MEHDI',8),(133,'ANDRIANOMEARISOA','LISA CAROLINECLAIRE',8),(134,'ANDRIANOMEARISOA','LUC PHILIPPE PITER',8),(135,'BAZZOUNY','WASSIM',8),(136,'BITTAR','FREDERIC',8),(137,'CHOUCAIR','LEA',8),(138,'DAKHLALLAH','ALI',8),(139,'DIALLO','ANTA COMBA',8),(140,'DIOP','MAEVA ANTA',8),(141,'FARHAT','LOUANA',8),(142,'HAKIM','HANADI',8),(143,'HEDROJ','ALI',8),(144,'LAFOIX','FRANCOIS-XAVIER',8),(145,'SAHELI','AMINA',8),(146,'TALL','PAPE SALIOU',8),(147,'TARRAF-KOUJOCK','HUSSEIN SAID SEBASTI',8),(148,'ULLIANA','AURELIEN',8),(149,'AYOUB','ZEYNAB',9),(150,'BADREDINE','HUSSEIN',9),(151,'DIAGNE','MOHAMED EL MOCTAR',9),(152,'DIALLO','MOHAMED',9),(153,'DIAW','DIADAME JOCELYNE',9),(154,'EZZEDINE','RIMA',9),(155,'FILFILI','RAMI',9),(156,'FOLY-TOULON','EDSON PAUL M. E',9),(157,'HAWILI','SHIRINE',9),(158,'PINA','ADRIEN',9),(159,'SALLOUM','STEPHANE JOEL',9),(160,'SANTOS','ARISTIDE M. A.',9),(161,'SERIFOU','ROCKIA',9),(162,'SEYE','MEDOUNE B, THOMAS',9),(163,'SOUMARE','MOUHAMED HAMOU',9),(164,'SECK','ZEYNABOU',9),(165,'WIZANI','MIRNA',9),(166,'YASSINE','WASSIM',9),(167,'BA','COUMBA',10),(168,'CHAOUCHAR','ALIA',10),(169,'COLY','NANCY DANY',10),(170,'FALL','THIENDELLA NGUENAR',10),(171,'GAYE','IBRAHIMA WALY RENE',10),(172,'GAYE','MARIE YVONNE',10),(173,'KONE','CYRIL FANGA-TOUGA',10),(174,'NDAO','MAIMOUNA',10),(175,'NDIAYE','MOUHAMADOU M.',10),(176,'NDOYE','PAPE MAMADOU',10),(177,'NGOM','SODA MARIEME',10),(178,'SOW','AISSE LALLAH AICHA',10),(179,'SY','AMINATA GUENA',10),(180,'TOURE','ELIMANE IBRAHIM',10),(181,'TOURE','LALLA AICHA A. M.',10),(182,'BA','MAME BETTY',11),(183,'COLY','AMIDOU DAGNIL',11),(184,'DIOUF','DIOLY',11),(185,'DIOUF','EL HADJI SOCE',11),(186,'KANE','DIEYNABA SALA TAMARA',11),(187,'KOFFI','NATEH KPEDRO LOINEL',11),(188,'SECK','SEYIDOUNA OMAR',11),(189,'DAHER','ALY',12),(190,'DIATTA','DIADIA ELISABETH ALA',12),(191,'DIOP','CHEIKH',12),(192,'GUEYE','AWA',12),(193,'MBENGUE','CHEIKH AHMADOU BAMBA',12),(194,'OYOUBA M. O','JUVELLE MATHURINE',12),(195,'SALL','FATIMATOU',12),(196,'SOW','HABY',12),(197,'YACOUB','ANTOINE',12),(198,'ASSI','GHAZI',13),(199,'ATTYE','FADI',13),(200,'AYAD','MOHAMAD',13),(201,'BARRY','ALYSSA KHADIDIATOU',13),(332,'YOUSSOUF','Foteh',13),(203,'DIAGNE','MARIEME SYLLA',13),(204,'DIALLO','AMADOU OUMAR',13),(205,'DIOUF','ISMAILA',13),(206,'EL FARRANE','KLARA MARIE',13),(207,'FALL','KHADIDIATOU',13),(208,'GAYE','OULIMATA',13),(209,'GHANDOUR','NEIFE',13),(210,'HAKIM','HASSAN DANIEL',13),(211,'HARATI','CINDY',13),(212,'HELLAL','ANAIS',13),(213,'KHALAF','FARAH',13),(214,'LATH','MARIE ANGELE',13),(215,'MBODJI','YERIM',13),(216,'MERRE','FLORIAN CLAUDE',13),(217,'NDIAYE','AWA',13),(218,'NEHME','SABRINA',13),(220,'RICOU','JOSEPHA VENISE',13),(221,'SAHELI','FADEL',13),(222,'SALL','PENDA SOLENE',13),(223,'SEGUY','LOUIS MARIE JAMES',13),(224,'SOUFANE','HASSAN',13),(225,'TAGEDDINE','NADINE',13),(226,'TALL','ABY MBAYE',13),(227,'TOURE','KHOUDIA YATMA',13),(228,'WAYZANI','DAMIR',13),(229,'WIZANI','RAMI',13),(230,'ABOU-KHALIL','JOHANA',14),(231,'ATTYE','MIRVATE',14),(232,'AYOUB','ZAHRA',14),(233,'BASMA','SALHA',14),(234,'BAYLE','LUCAS',14),(235,'BOISSELET','SOPHIE',14),(236,'CASTANO','MARINE',14),(237,'CHOKOR','SAMER',14),(238,'COLLIN','SYLVIE MARIE NDELLA',14),(239,'DIARRA','REYANE',14),(240,'EL SAYEGH','LARA',14),(241,'EZZEDINE','RADWANE',14),(242,'GBAGUIDI','ARNAUD MEDE TONDJI',14),(243,'GHADBOUNE','ZEINA',14),(244,'GUEYE','AMINA FALY',14),(245,'HACHEM','ALI',14),(246,'HAJAALI','SADRY',14),(247,'HOBALLAH','NADER',14),(248,'JABER','MIRNA',14),(249,'JOHER','SALIM',14),(250,'KIBBE','SARAH',14),(251,'KONDE','CECILE',14),(252,'LANNOY','ANTOINE INSA DAVID',14),(253,'LEMASLE','GUILLAUME',14),(254,'MATOKO','GUILLABERT E. FABIEN',14),(255,'MBENGUE','BABACAR J.',14),(256,'MENRATH','ADRIEN',14),(257,'NDIAYE','KHADIDIATOU',14),(258,'OUIS','LINA CHAHINEZ',14),(259,'PONSARD','ADRIEN JOSEPH',14),(260,'SALAME','ALY',14),(261,'SARR','ALPHONSE NDEME',14),(262,'SECK','MERRY ANN ANITA',14),(263,'SIDANI','ALI',14),(264,'SOW','NAOMI JIHANE',14),(265,'TOULLEC','LUDIVINE JOHANNA',14),(266,'YOUSSEF','MAHDI',14),(267,'ATTIE','RACHEL',15),(268,'AYAD','MEHDI',15),(269,'BA','SALLA TAMARA NALLA',15),(270,'BADREDINE','MOHAMED',15),(271,'CISSE','REINE RAYMONDE',15),(272,'DEMBELE','JULES',15),(273,'DIDI','AWADA DAVID',15),(274,'DIENG','MASSAMBA ETIENNE',15),(275,'DIOUF','RAMATOULAYE LOUISE',15),(276,'EZZEDINE','MOHAMED',15),(277,'GEBARA','ISSA',15),(278,'GHASSANI','HANADI',15),(279,'HAKIM','SARAH',15),(280,'HOBALLAH','CHERINE',15),(281,'HUSEINI','ABDEL KARIM',15),(282,'JABER','CHERINE',15),(283,'JOUBAILY','ZEINA',15),(284,'KHADRA','HUSSEIN',15),(285,'KHOCHMAN','RYAN',15),(286,'LAKHDAR','MOHAMED ANIS',15),(287,'LOPES','AIDA MICHELLE',15),(288,'MBODJI','MAME AWA',15),(289,'MONTEIRO','ORNELLA',15),(290,'NAFFAH','MARIE JOSEPHINE',15),(291,'NDIAYE','ANTOINE M. J. S.',15),(292,'NDIAYE','KHADIJA ZEINAB',15),(293,'SALMAN','SARAH',15),(294,'SANE','ABIBATOU MARELA',15),(295,'SONKO','AISSATOU DIALLO',15),(296,'WAZNI','ALY FADEL',15),(297,'WEHBE','ROXANE SOUAD MARIE',15),(298,'YACTINE','HASSAN DANIEL',15),(299,'YASSINE','HUSSEIN JUNIOR',15),(300,'YONIS','FARIS LAURENT',15),(301,'DIACK','FANTA FATIMA',16),(302,'DIAGNE','FATOU BINTOU',16),(303,'DIENE','SAÏNABOU THIEME',16),(304,'DIOP','NDEYE BINTA',16),(305,'FOFANA','LALA AÏCHA',16),(306,'GUEYE','DONA AICHA NDICKOU',16),(307,'SAMB','MAIMOUNA',16),(308,'AKOTO-YAO','KEVIN',17),(309,'BA','NDEYE MADJIGUENE',17),(310,'BOLSANE','PAUL ISSA MARTIAL',17),(311,'DIALLO','EL HADJI ABDOULAYE',17),(313,'DIEGUIMDE','ROSEMONDE JANIE',17),(314,'DIOP','NDEYE MARIAMA',17),(315,'DIOP','MAME KHOUDIA',17),(316,'DIOP','PIERRE THIALAW',17),(317,'DIOUF','MAME AWA FLORENCE',17),(318,'FENAICHE','KARINA',17),(319,'FARHAT','ALI',17),(320,'ISSA','CHARBEL',17),(321,'LO','OLD AHMADOU',17),(322,'MBOUP','MAGUETTE',17),(323,'NDIAYE','AMADOU LAMINE',17),(324,'NDIAYE','NDEYE FAMA MODY',17),(325,'NDOUR','MAMADOU LAMINE',17),(327,'SANKE','KHADIM',17),(328,'SANKE','MOHAMED',17),(329,'SOW','FATIMA',17),(330,'THIAM','ANNA',17),(331,'HOUETO','Therese',1);
UNLOCK TABLES;
/*!40000 ALTER TABLE `ELEVE` ENABLE KEYS */;

--
-- Table structure for table `ENSEIGNE`
--

DROP TABLE IF EXISTS `ENSEIGNE`;
CREATE TABLE `ENSEIGNE` (
  `id_professeur` int(2) NOT NULL default '0',
  `id_classe` int(2) NOT NULL default '0',
  `id_matiere` int(2) NOT NULL default '0',
  PRIMARY KEY  (`id_professeur`,`id_classe`,`id_matiere`),
  KEY `fkCLASSE` (`id_classe`),
  KEY `fkMATIERE` (`id_matiere`)
) ENGINE=MyISAM DEFAULT CHARSET=latin1 PACK_KEYS=0 DELAY_KEY_WRITE=1;

--
-- Dumping data for table `ENSEIGNE`
--


/*!40000 ALTER TABLE `ENSEIGNE` DISABLE KEYS */;
LOCK TABLES `ENSEIGNE` WRITE;
INSERT INTO `ENSEIGNE` VALUES (5,1,2),(5,2,2),(6,3,2),(6,7,2),(7,10,23),(7,14,23),(7,15,23),(7,16,23),(8,5,5),(8,6,5),(8,11,5),(8,12,5),(8,16,5),(8,17,5),(10,1,15),(10,2,15),(10,3,15),(10,13,15),(12,3,5),(12,9,5),(12,9,34),(16,9,2),(16,13,2),(16,15,2),(17,1,8),(17,8,8),(17,9,8),(18,8,2),(18,8,34),(18,14,2),(19,5,2),(19,6,2),(19,11,2),(19,12,2),(19,17,2),(20,7,1),(20,8,1),(22,2,4),(22,7,4),(22,8,4),(22,8,34),(23,16,1),(23,17,1),(24,4,15),(24,5,15),(24,6,15),(24,15,15),(26,5,4),(26,14,4),(26,15,4),(28,9,1),(29,2,5),(36,14,3),(64,1,7),(64,2,7),(64,3,7),(64,4,7),(64,7,7),(64,8,7),(64,9,7),(64,10,7),(64,11,7),(64,12,7),(64,13,7),(64,14,7),(64,15,7),(64,16,7),(64,17,7),(67,16,14),(67,17,14),(68,1,12),(68,2,12),(68,3,12),(68,4,12),(68,5,12),(68,6,12),(68,7,12),(68,8,12),(68,9,12),(68,10,12),(68,11,12),(68,12,12),(68,13,12),(68,14,12),(68,15,12),(68,16,12),(68,17,12),(69,1,12),(69,2,12),(69,3,12),(69,4,12),(69,5,12),(69,6,12),(69,7,12),(69,8,12),(69,9,12),(69,10,12),(69,11,12),(69,12,12),(69,13,12),(69,14,12),(69,14,14),(69,15,12),(69,15,14),(69,16,12),(69,17,12),(70,1,12),(70,2,12),(70,3,12),(70,4,12),(70,5,12),(70,6,12),(70,7,12),(70,8,12),(70,9,12),(70,10,12),(70,11,12),(70,12,12),(70,13,12),(70,14,12),(70,15,12),(70,16,12),(70,17,12),(71,1,12),(71,2,12),(71,3,12),(71,4,12),(71,5,12),(71,6,12),(71,7,12),(71,8,12),(71,9,12),(71,10,12),(71,11,12),(71,12,12),(71,13,12),(71,14,12),(71,15,12),(71,16,12),(71,17,12),(72,14,13),(73,1,14),(73,2,14),(73,3,14),(73,7,10),(73,8,10),(73,9,10),(73,10,10),(73,14,14),(74,1,17),(74,2,17),(74,3,17),(74,4,17),(75,3,4),(75,9,4),(75,13,4),(76,1,13),(76,7,13),(77,4,8),(77,5,8),(77,6,8),(77,10,8),(77,11,8),(77,12,8),(77,13,8),(77,13,27),(77,16,8),(77,17,8),(78,1,10),(78,2,10),(78,3,10),(78,4,1),(78,4,10),(78,5,1),(78,5,10),(78,6,1),(78,6,10),(78,10,1),(78,11,1),(78,12,1),(78,13,10),(78,15,10),(79,10,4),(79,12,4),(80,6,4),(80,11,4),(81,1,9),(81,2,9),(81,3,9),(81,4,9),(81,7,9),(81,8,9),(81,9,9),(81,10,9),(81,11,9),(81,12,9),(81,13,9),(81,14,9),(81,15,9),(82,3,13),(82,9,13),(82,13,13),(85,1,23),(85,7,23),(85,7,34),(85,13,23),(87,4,13),(87,10,13),(87,11,13),(87,12,13),(87,16,13),(87,17,13),(88,16,15),(88,17,15),(89,13,1),(91,15,1),(95,3,8),(95,7,8),(96,7,10),(96,8,10),(96,9,10),(96,10,10),(96,11,10),(96,12,10),(96,13,14),(97,14,1),(98,13,5),(98,14,5),(103,10,15),(103,11,15),(103,12,15),(103,14,15),(109,4,14),(109,5,14),(109,5,17),(109,6,14),(109,6,17),(109,7,14),(109,8,14),(109,9,14),(109,10,14),(109,11,14),(109,12,14),(109,14,10),(110,4,4),(110,16,4),(110,17,4),(111,2,8),(111,14,8),(111,15,8),(112,2,13),(112,8,13),(112,15,13),(113,8,5),(113,8,34),(113,15,5),(114,4,2),(114,10,2),(115,7,15),(115,7,34),(115,8,11),(115,8,15),(115,9,11),(115,9,15);
UNLOCK TABLES;
/*!40000 ALTER TABLE `ENSEIGNE` ENABLE KEYS */;

--
-- Table structure for table `MATIERE`
--

DROP TABLE IF EXISTS `MATIERE`;
CREATE TABLE `MATIERE` (
  `id_matiere` int(2) NOT NULL auto_increment,
  `nom_matiere` varchar(20) NOT NULL default '',
  PRIMARY KEY  (`id_matiere`)
) ENGINE=MyISAM DEFAULT CHARSET=latin1;

--
-- Dumping data for table `MATIERE`
--


/*!40000 ALTER TABLE `MATIERE` DISABLE KEYS */;
LOCK TABLES `MATIERE` WRITE;
INSERT INTO `MATIERE` VALUES (1,'Francais'),(2,'Mathematiques'),(3,'Informatique'),(4,'SVT'),(5,'Physique-Chimie'),(23,'Sciences Eco'),(7,'Allemand'),(8,'Anglais'),(9,'Arabe'),(10,'Catechese'),(11,'ECJS'),(12,'EPS'),(13,'Espagnol'),(14,'Ethique'),(15,'Histoire-Geo'),(16,'Mathematiques'),(17,'Philosophie'),(18,'Spe Math'),(19,'Spe Physique'),(20,'Spe SVT'),(22,'Heure de vie'),(24,'Sciences Eco'),(25,'Spe Anglais'),(26,'Spe SES'),(27,'Anglais renforce'),(28,'Module Anglais'),(29,'Module Francais'),(30,'Module HG'),(31,'Module Maths'),(32,'Soutien Francais'),(33,'Soutien Maths'),(34,'TPE'),(35,'ANGLAIS - - ORAL'),(36,'ANGLAIS - - ECRIT');
UNLOCK TABLES;
/*!40000 ALTER TABLE `MATIERE` ENABLE KEYS */;

--
-- Table structure for table `MOYENNE`
--

DROP TABLE IF EXISTS `MOYENNE`;
CREATE TABLE `MOYENNE` (
  `id_moyenne` int(2) NOT NULL default '0',
  `nb_moyenne` float NOT NULL default '0',
  PRIMARY KEY  (`id_moyenne`)
) ENGINE=MyISAM DEFAULT CHARSET=latin1 PACK_KEYS=0 DELAY_KEY_WRITE=1;

--
-- Dumping data for table `MOYENNE`
--


/*!40000 ALTER TABLE `MOYENNE` DISABLE KEYS */;
LOCK TABLES `MOYENNE` WRITE;
UNLOCK TABLES;
/*!40000 ALTER TABLE `MOYENNE` ENABLE KEYS */;

--
-- Table structure for table `NOTE`
--

DROP TABLE IF EXISTS `NOTE`;
CREATE TABLE `NOTE` (
  `id_note` int(2) NOT NULL auto_increment,
  `NOTE` float default NULL,
  `id_controle` int(2) NOT NULL default '0',
  PRIMARY KEY  (`id_note`)
) ENGINE=MyISAM DEFAULT CHARSET=latin1;

--
-- Dumping data for table `NOTE`
--


/*!40000 ALTER TABLE `NOTE` DISABLE KEYS */;
LOCK TABLES `NOTE` WRITE;
INSERT INTO `NOTE` VALUES (31,9,6),(30,13,6),(29,7,6),(28,14,6),(27,8,6),(26,10,6),(25,13,6),(24,9,6),(16,10,3),(15,12,3),(14,6,3),(32,5,6),(33,11,6),(34,13,6),(35,5,6),(36,10,6),(37,9,6),(38,6,6),(39,9,3),(110,13,23),(109,14,23),(73,10,10),(72,14,10),(71,12,10),(70,10,10),(46,17.5,9),(47,12.5,9),(48,17,9),(49,18,9),(50,18,9),(51,18,9),(52,16,9),(53,13,9),(54,17.5,9),(55,19,9),(56,15,9),(57,16,9),(58,17.5,9),(59,18.5,9),(60,7,9),(61,14.5,9),(62,19,9),(63,17,9),(64,19,9),(65,15,9),(66,17,9),(67,18,9),(68,6,9),(69,16.5,9),(108,4,23),(107,8,23),(106,8,23),(105,14,23),(104,9,23),(101,15,23),(100,6,23),(103,13,23),(102,9,23),(111,15,23),(112,6,23),(113,7,23),(114,9,23),(115,9,23),(116,6,23),(117,13,23),(118,15,23),(119,8,23),(120,13,23),(121,13.5,24),(122,13,24),(123,11,24),(124,15.5,24),(125,16,24),(126,6,24),(127,12,24),(128,13,24),(129,15,24),(130,14,24),(131,0,24),(132,10,24),(133,14.5,24),(134,10.5,24),(135,13.5,24),(136,3.5,24),(137,15.5,24),(138,13,24),(139,12,24),(140,9.5,24),(141,7,24),(142,16,24),(143,13,24),(144,10.5,24),(145,17.5,23),(146,13,26),(147,10,26),(148,17,26),(149,10,26),(150,10,26),(199,7,35),(198,13,35),(197,10,35),(196,12,35),(195,14,35),(194,12,35),(193,10,35),(192,15,35),(191,12,35),(190,15,35),(161,18.5,23),(162,9.5,23),(163,5.5,23),(202,9,35),(201,12,35),(200,15,35),(167,2.5,23),(168,7.5,23),(819,3,87),(818,4,87),(817,4,87),(816,5,87),(815,4,87),(814,5,87),(813,5,87),(812,11,86),(210,10,35),(209,16,35),(208,9,35),(207,4,35),(206,13,35),(205,17,35),(204,11,35),(203,16,35),(811,9,86),(810,12,86),(809,10,86),(808,13,86),(807,8,86),(806,18,86),(805,7,86),(226,20,37),(227,14,37),(228,20,37),(229,14,37),(230,17,37),(231,20,37),(232,18,37),(233,18,37),(234,15,37),(235,7,37),(236,18,37),(237,16,37),(238,19,37),(239,11,37),(240,19,37),(241,7,37),(242,17,37),(804,10,86),(803,11,85),(802,11,85),(801,11,85),(800,18,85),(799,11,85),(798,18,85),(797,14,85),(796,11,84),(795,11,84),(794,9.5,84),(793,7.5,84),(301,7,57),(300,6,57),(299,0,57),(792,10.5,84),(791,10.5,84),(790,14,84),(789,10.5,84),(788,9.5,84),(787,10.5,84),(786,12,84),(785,7.5,84),(784,12,84),(783,10,84),(782,14,84),(781,7,84),(780,11,84),(779,4,84),(345,17,61),(346,10,61),(347,15.5,61),(348,13,61),(349,9.5,61),(350,10.5,61),(351,10,61),(352,9.5,61),(353,16,61),(354,15,61),(355,14.5,61),(356,17,61),(357,10.5,61),(358,16.5,61),(359,7,61),(360,15,61),(361,8,61),(362,7.5,61),(363,8,61),(364,15,61),(365,12.5,61),(366,14,61),(367,6,61),(368,8.5,61),(369,6.5,61),(370,13,61),(371,13.5,61),(372,14,61),(373,11.5,61),(374,7.5,61),(375,17,61),(376,15,61),(377,9,61),(378,12,61),(379,10.5,61),(380,13.5,61),(601,14,73),(600,10,73),(599,7,73),(598,6,73),(597,8,73),(596,7.5,73),(595,9,73),(778,11.5,84),(777,4,84),(776,11.5,84),(775,11,84),(774,7,84),(773,6.5,84),(772,6.5,84),(771,11,84),(770,11.5,84),(741,6.5,82),(740,14.5,82),(739,18.75,82),(738,11,82),(737,18.75,82),(736,15.5,82),(735,8,82),(734,17.75,82),(733,19.5,82),(732,10.25,82),(731,9.25,82),(431,15,66),(432,9,66),(433,15,66),(434,8.5,66),(435,13,66),(436,9,66),(437,7,66),(438,6,66),(439,16,66),(440,14.5,66),(441,10,66),(442,16.5,66),(443,14.5,66),(444,13.5,66),(445,5.5,66),(446,15,66),(447,12,66),(448,9.5,66),(449,13.5,66),(450,11.5,66),(451,14,66),(452,9.5,66),(453,9,66),(454,13.5,66),(455,7.5,66),(456,13.5,66),(457,11.5,66),(458,12.5,66),(459,13.5,66),(460,8,66),(461,13.5,66),(462,11,66),(463,9,66),(464,11.5,66),(465,9,66),(466,16.5,66),(467,14.5,67),(468,8.5,67),(469,16,67),(470,6,67),(471,12.5,67),(472,14,67),(473,17,67),(474,17,67),(475,13,67),(476,15.5,67),(477,15.5,67),(478,10.5,67),(479,10,67),(480,15,67),(481,16,67),(482,8.5,67),(483,11.5,67),(484,13.5,67),(485,11,67),(486,8.5,67),(487,12,67),(488,14,67),(489,9,67),(490,12,67),(491,11.5,67),(492,13.5,67),(493,16.5,67),(494,7,67),(495,7.5,67),(496,8,67),(497,11.5,67),(498,15,67),(499,7.5,67),(500,12.5,67),(501,8,67),(502,8.5,67),(503,10.5,68),(504,18,68),(505,14,68),(506,14,68),(507,11,68),(508,13.5,68),(509,12.5,68),(510,14,68),(511,7,68),(512,14,68),(513,13,68),(514,16.5,68),(515,15,68),(516,17,68),(517,13,68),(518,13.5,68),(519,17,68),(520,7.5,68),(521,18,69),(522,17.5,69),(523,13,69),(524,15,69),(525,19,69),(526,17,69),(527,16,69),(528,14.5,69),(529,17.5,69),(530,19,69),(531,15,69),(532,17,69),(533,14.5,69),(534,17,69),(535,19.5,69),(536,19,69),(537,17,69),(538,17,69),(539,14,69),(540,14,69),(541,17,69),(542,17.5,69),(543,20,69),(544,18,69),(545,13,69),(546,18,69),(547,8,69),(548,13,69),(549,17,69),(550,16.5,69),(551,15,70),(552,14,70),(649,10,77),(648,9.5,77),(647,11,77),(646,6,77),(645,8,77),(644,11.5,77),(643,6,77),(642,11,77),(641,5,77),(640,7,77),(639,8,77),(638,4,77),(637,8,77),(636,10,77),(635,5.5,77),(634,12.5,77),(633,5,77),(632,8,76),(631,11.5,76),(630,9.5,76),(629,9.5,76),(628,10.5,76),(627,11.5,76),(626,6,76),(625,5,76),(624,8,76),(822,4,87),(821,3,87),(700,4,81),(699,9,81),(730,17.5,82),(612,3,73),(611,10.5,73),(610,16,73),(609,4.5,73),(608,11,73),(607,10,73),(606,3.5,73),(605,10,73),(604,15,73),(603,10,73),(602,8,73),(729,18.25,82),(728,15.5,82),(727,17.5,82),(726,18.25,82),(725,13,82),(724,10,82),(650,5,77),(651,11,77),(652,4,77),(653,6,77),(654,9,77),(655,11,77),(656,8.5,77),(657,4,77),(658,13,77),(659,5,77),(660,7,77),(661,5,77),(662,8.5,77),(698,0,61),(820,4,87),(769,8,84),(768,11.5,84),(767,8,84),(766,8.5,83),(765,6,83),(764,8.5,83),(763,12.5,83),(762,11.5,83),(761,10.5,83),(760,8.5,83),(759,8.5,83),(758,6.5,83),(757,2.5,83),(756,7.5,83),(755,5.5,83),(754,4,83),(753,9.5,83),(752,7.5,83),(751,11.5,83),(750,8,83),(749,11.5,83),(748,9.5,83),(747,10,83),(746,10.5,83),(745,11.5,83),(744,6,83),(743,5,83),(742,8,83),(701,10.5,81),(702,10,81),(703,12,81),(704,3.5,81),(705,13,81),(706,5,81),(707,7,81),(708,4,81),(709,6,81),(710,7.5,81),(711,7.5,81),(712,10,81),(713,13.5,81),(714,14,81),(715,6.5,81),(716,11,81),(717,9,81),(718,8,81),(719,14.5,81),(720,9,81),(721,7,81),(722,11,69),(723,4,77),(823,18.5,86),(824,8.5,86),(825,14,87),(826,7,88),(827,11,88),(828,12.25,88),(829,10,88),(830,8,88),(831,5.5,88),(832,10,88),(833,10.5,88),(834,10.75,88),(835,7.5,88),(836,9.5,88),(837,7,88),(838,11.25,88),(839,8,88),(840,11,88),(841,8,88),(842,6.5,88),(843,5.5,88),(844,9.5,88),(845,6,88),(846,7,88),(847,18,89),(848,13.5,89),(849,11.5,89),(850,15,89),(851,17.5,89),(852,8.5,89),(853,10.5,89),(854,11,89),(855,12,89),(856,12,89),(857,1.5,89),(858,12.5,89),(859,14.5,89),(860,7.5,89),(861,13,89),(862,10.5,89),(863,9.5,89),(864,15,89),(865,14.5,89),(866,10.5,89),(867,6.5,89),(868,16,89),(869,16.5,89),(870,19,89),(871,9,90),(872,7,90),(873,11,90),(874,4,90),(875,6.5,90),(876,12,90),(877,7,90),(878,5.5,90),(879,10.5,90),(880,11,90),(881,7.5,90),(882,8.5,90),(883,10.5,91),(884,6.5,91),(885,10,91),(886,10,91),(887,4.5,91),(888,10.5,91),(889,10.5,91),(890,10.5,92),(891,8,92),(892,4,92),(893,2,92),(894,9,92),(895,10.5,92),(896,11,92),(897,7,92),(898,9,90);
UNLOCK TABLES;
/*!40000 ALTER TABLE `NOTE` ENABLE KEYS */;

--
-- Table structure for table `OBTIENT`
--

DROP TABLE IF EXISTS `OBTIENT`;
CREATE TABLE `OBTIENT` (
  `id_eleve` int(2) NOT NULL default '0',
  `id_note` int(2) NOT NULL default '0',
  KEY `fkNOTE` (`id_note`),
  KEY `fkELEVE` (`id_eleve`)
) ENGINE=MyISAM DEFAULT CHARSET=latin1;

--
-- Dumping data for table `OBTIENT`
--


/*!40000 ALTER TABLE `OBTIENT` DISABLE KEYS */;
LOCK TABLES `OBTIENT` WRITE;
INSERT INTO `OBTIENT` VALUES (115,0),(114,0),(113,0),(111,0),(110,0),(109,0),(7,0),(8,0),(9,0),(10,0),(11,0),(108,0),(13,0),(14,0),(15,0),(107,0),(17,0),(18,0),(106,0),(20,0),(21,0),(168,15),(23,0),(24,0),(167,14),(112,0),(116,0),(117,0),(118,0),(119,0),(120,0),(121,0),(122,0),(123,0),(124,0),(125,0),(126,0),(127,0),(128,0),(129,0),(130,0),(169,16),(170,0),(171,0),(172,0),(173,0),(174,0),(175,0),(176,0),(177,0),(178,0),(179,0),(180,0),(181,0),(167,24),(89,0),(168,25),(169,26),(4,0),(5,0),(6,0),(7,0),(8,0),(9,0),(10,0),(11,0),(12,0),(13,0),(14,0),(15,0),(16,0),(17,0),(18,0),(19,0),(20,0),(21,0),(22,0),(23,0),(24,0),(170,27),(171,28),(172,29),(173,30),(174,31),(175,32),(176,33),(177,34),(178,35),(179,36),(180,37),(181,38),(1,7),(2,0),(3,0),(4,0),(5,0),(6,0),(7,0),(8,0),(9,0),(10,0),(11,0),(12,0),(13,0),(14,0),(15,0),(16,0),(17,0),(18,0),(19,0),(20,0),(21,0),(22,0),(23,0),(24,0),(180,39),(240,0),(239,0),(91,73),(4,0),(5,0),(6,0),(7,0),(8,0),(9,0),(90,72),(11,0),(12,0),(13,0),(89,71),(15,0),(16,0),(17,0),(18,0),(19,0),(20,0),(21,0),(22,0),(23,0),(24,0),(88,70),(104,46),(105,0),(106,47),(107,48),(108,49),(109,50),(110,51),(111,52),(113,53),(114,54),(115,55),(112,0),(116,56),(117,57),(118,58),(119,59),(120,60),(121,61),(122,62),(123,63),(124,64),(125,65),(126,66),(127,67),(128,0),(129,68),(130,69),(238,0),(237,0),(236,0),(272,0),(235,0),(234,0),(233,0),(276,0),(277,0),(278,0),(232,0),(280,0),(231,0),(282,0),(283,0),(284,0),(285,0),(286,0),(287,0),(288,0),(289,0),(290,0),(291,0),(292,0),(293,0),(294,0),(295,0),(296,0),(297,0),(298,0),(299,0),(300,0),(230,15),(241,0),(242,0),(243,0),(244,0),(245,0),(246,0),(247,0),(248,0),(249,0),(250,0),(251,0),(252,0),(253,0),(254,0),(255,0),(256,0),(257,0),(258,0),(259,0),(260,0),(261,0),(262,0),(263,0),(264,0),(265,0),(266,0),(232,0),(233,0),(234,0),(235,0),(236,0),(237,0),(238,0),(239,0),(240,0),(241,0),(242,0),(243,0),(244,0),(245,0),(246,0),(247,0),(248,0),(249,0),(250,0),(251,0),(252,0),(253,0),(254,0),(255,0),(256,0),(257,0),(258,0),(259,0),(260,0),(261,0),(262,0),(263,0),(264,0),(265,0),(266,0),(231,0),(232,0),(233,0),(234,0),(235,0),(236,0),(237,0),(238,0),(239,0),(240,0),(241,0),(242,0),(243,0),(244,0),(245,0),(246,0),(247,0),(248,0),(249,0),(250,0),(251,0),(252,0),(253,0),(254,0),(255,0),(256,0),(257,0),(258,0),(259,0),(260,0),(261,0),(262,0),(263,0),(264,0),(265,0),(266,0),(231,0),(232,0),(233,0),(234,0),(235,0),(236,0),(237,0),(238,0),(239,0),(240,0),(241,0),(242,0),(243,0),(244,0),(245,0),(246,0),(247,0),(248,0),(249,0),(250,0),(251,0),(252,0),(253,0),(254,0),(255,0),(256,0),(257,0),(258,0),(259,0),(260,0),(261,0),(262,0),(263,0),(264,0),(265,0),(266,0),(232,0),(231,0),(232,0),(233,0),(234,0),(235,0),(236,0),(237,0),(238,0),(239,0),(240,0),(241,0),(242,0),(243,0),(244,0),(245,0),(246,0),(247,0),(248,0),(249,0),(250,0),(251,0),(252,0),(253,0),(254,0),(255,0),(256,0),(257,0),(258,0),(259,0),(260,0),(261,0),(262,0),(263,0),(264,0),(265,0),(266,0),(233,0),(233,0),(234,0),(235,0),(236,0),(237,0),(238,0),(239,0),(240,0),(241,0),(242,0),(243,0),(244,0),(245,0),(246,0),(247,0),(248,0),(249,0),(250,0),(251,0),(252,0),(253,0),(254,0),(255,0),(256,0),(257,0),(258,0),(259,0),(260,0),(261,0),(262,0),(263,0),(264,0),(265,0),(266,0),(230,21),(231,0),(232,0),(233,0),(234,0),(235,0),(236,0),(237,0),(238,0),(239,0),(240,0),(241,0),(242,0),(243,0),(244,0),(245,0),(246,0),(247,0),(248,0),(249,0),(250,0),(251,0),(252,0),(253,0),(254,0),(255,0),(256,0),(257,0),(258,0),(259,0),(260,0),(261,0),(262,0),(263,0),(264,0),(265,0),(266,0),(234,0),(235,0),(236,0),(237,0),(238,0),(239,0),(240,0),(241,0),(242,0),(243,0),(244,0),(245,0),(246,0),(247,0),(248,0),(249,0),(250,0),(251,0),(252,0),(253,0),(254,0),(255,0),(256,0),(257,0),(258,0),(259,0),(260,0),(261,0),(262,0),(263,0),(264,0),(265,0),(266,0),(232,0),(233,0),(234,0),(235,0),(236,0),(237,0),(238,0),(239,0),(240,0),(241,0),(242,0),(243,0),(244,0),(245,0),(246,0),(247,0),(248,0),(249,0),(250,0),(251,0),(252,0),(253,0),(254,0),(255,0),(256,0),(257,0),(258,0),(259,0),(260,0),(261,0),(262,0),(263,0),(264,0),(265,0),(266,0),(232,0),(233,0),(234,0),(235,0),(236,0),(237,0),(238,0),(239,0),(240,0),(241,0),(242,0),(243,0),(244,0),(245,0),(246,0),(247,0),(248,0),(249,0),(250,0),(251,0),(252,0),(253,0),(254,0),(255,0),(256,0),(257,0),(258,0),(259,0),(260,0),(261,0),(262,0),(263,0),(264,0),(265,0),(266,0),(25,23),(231,0),(232,0),(233,0),(234,0),(235,0),(236,0),(237,0),(238,0),(239,0),(240,0),(241,0),(242,0),(243,0),(244,0),(245,0),(246,0),(247,0),(248,0),(249,0),(250,0),(251,0),(252,0),(253,0),(254,0),(255,0),(256,0),(257,0),(258,0),(259,0),(260,0),(261,0),(262,0),(263,0),(264,0),(265,0),(266,0),(26,0),(27,100),(28,0),(29,101),(30,102),(31,103),(32,104),(33,105),(34,106),(35,107),(36,108),(37,109),(38,110),(39,0),(40,111),(41,112),(42,113),(43,114),(44,115),(45,116),(46,117),(47,118),(49,119),(48,0),(50,120),(51,0),(230,121),(231,0),(232,0),(233,0),(234,122),(235,123),(236,124),(237,0),(238,125),(239,126),(240,127),(241,0),(242,128),(243,0),(244,129),(245,130),(246,131),(247,0),(248,0),(249,132),(250,133),(251,134),(252,0),(253,135),(254,136),(255,137),(256,138),(257,139),(258,0),(259,140),(260,141),(261,142),(262,143),(263,0),(264,0),(265,144),(266,0),(167,25),(168,0),(169,0),(170,0),(171,0),(172,0),(173,0),(174,0),(175,0),(176,0),(177,0),(178,0),(179,0),(180,0),(181,0),(25,145),(301,146),(302,147),(303,148),(304,0),(305,149),(306,0),(307,150),(317,198),(316,197),(315,196),(314,195),(313,194),(312,0),(311,193),(310,192),(9,0),(10,0),(11,0),(309,191),(308,190),(14,0),(15,0),(16,0),(17,0),(18,0),(19,0),(20,0),(21,0),(22,0),(23,0),(24,0),(167,28),(168,0),(169,0),(170,0),(171,0),(172,0),(173,0),(174,0),(175,0),(176,0),(177,0),(178,0),(179,0),(180,0),(181,0),(26,161),(28,162),(39,163),(320,201),(2,0),(3,0),(4,0),(318,200),(6,0),(319,199),(8,0),(9,0),(10,0),(11,0),(12,0),(13,0),(14,0),(15,0),(16,0),(17,0),(18,0),(19,0),(20,0),(21,0),(22,0),(23,0),(24,0),(104,30),(105,0),(106,0),(107,0),(108,0),(109,0),(110,0),(111,0),(113,0),(114,0),(115,0),(112,0),(116,0),(117,0),(118,0),(119,0),(120,0),(121,0),(122,0),(123,0),(124,0),(125,0),(126,0),(127,0),(128,0),(129,0),(130,0),(48,167),(51,168),(257,0),(256,0),(255,0),(254,0),(253,0),(306,0),(307,0),(252,0),(2,0),(330,210),(4,0),(5,0),(329,209),(7,0),(8,0),(9,0),(10,0),(11,0),(12,0),(13,0),(14,0),(15,0),(16,0),(17,0),(18,0),(19,0),(20,0),(328,208),(22,0),(327,207),(24,0),(326,0),(325,206),(324,205),(323,204),(322,203),(321,202),(307,0),(249,0),(2,0),(3,0),(4,0),(248,0),(6,0),(247,0),(8,0),(9,0),(10,0),(11,0),(259,0),(13,0),(14,0),(15,0),(258,0),(17,0),(18,0),(19,0),(20,0),(21,0),(22,0),(23,0),(24,0),(250,0),(251,0),(246,0),(245,0),(230,226),(231,227),(232,228),(233,229),(234,230),(235,0),(236,0),(237,0),(238,231),(239,0),(240,0),(241,232),(242,0),(243,233),(244,0),(245,234),(246,235),(247,236),(248,0),(249,0),(250,237),(251,0),(252,0),(253,0),(254,0),(255,0),(256,238),(257,0),(258,0),(259,239),(260,0),(261,240),(262,0),(263,241),(264,0),(265,242),(266,0),(189,38),(190,0),(191,0),(192,0),(193,0),(194,0),(195,0),(196,0),(197,0),(244,0),(243,0),(242,0),(241,0),(240,0),(239,0),(238,0),(237,0),(236,0),(235,0),(234,0),(233,0),(232,0),(231,0),(230,50),(260,0),(261,0),(262,0),(263,0),(264,0),(265,0),(266,0),(232,0),(233,0),(234,0),(235,0),(236,0),(237,0),(238,0),(239,0),(240,0),(241,0),(242,0),(243,0),(244,0),(245,0),(246,0),(247,0),(248,0),(249,0),(250,0),(251,0),(252,0),(253,0),(254,0),(255,0),(256,0),(257,0),(258,0),(259,0),(260,0),(261,0),(262,0),(263,0),(264,0),(265,0),(266,0),(232,0),(233,0),(234,0),(235,0),(236,0),(237,0),(238,0),(239,0),(240,0),(241,0),(242,0),(243,0),(244,0),(245,0),(246,0),(247,0),(248,0),(249,0),(250,0),(251,0),(252,0),(253,0),(254,0),(255,0),(256,0),(257,0),(258,0),(259,0),(260,0),(261,0),(262,0),(263,0),(264,0),(265,0),(266,0),(232,0),(233,0),(232,0),(233,0),(234,0),(235,0),(236,0),(237,0),(238,0),(239,0),(240,0),(241,0),(242,0),(243,0),(244,0),(245,0),(246,0),(247,0),(248,0),(249,0),(250,0),(251,0),(252,0),(253,0),(254,0),(255,0),(256,0),(257,0),(258,0),(259,0),(260,0),(261,0),(262,0),(263,0),(264,0),(265,0),(266,0),(234,0),(235,0),(232,0),(233,0),(234,0),(235,0),(236,0),(237,0),(238,0),(239,0),(240,0),(241,0),(242,0),(243,0),(244,0),(245,0),(246,0),(247,0),(248,0),(249,0),(250,0),(251,0),(252,0),(253,0),(254,0),(255,0),(256,0),(257,0),(258,0),(259,0),(260,0),(261,0),(262,0),(263,0),(264,0),(265,0),(266,0),(236,0),(237,0),(238,0),(239,0),(240,0),(241,0),(242,0),(243,0),(244,0),(245,0),(246,0),(247,0),(248,0),(249,0),(250,0),(251,0),(252,0),(253,0),(254,0),(255,0),(256,0),(257,0),(258,0),(259,0),(260,0),(261,0),(262,0),(263,0),(264,0),(265,0),(266,0),(230,46),(231,0),(232,0),(233,0),(234,0),(235,0),(236,0),(237,0),(238,0),(239,0),(240,0),(241,0),(242,0),(243,0),(244,0),(245,0),(246,0),(247,0),(248,0),(249,0),(250,0),(251,0),(252,0),(253,0),(254,0),(255,0),(256,0),(257,0),(258,0),(259,0),(260,0),(261,0),(262,0),(263,0),(264,0),(265,0),(266,0),(235,0),(236,0),(237,0),(238,0),(239,0),(240,0),(241,0),(242,0),(243,0),(244,0),(245,0),(246,0),(247,0),(248,0),(249,0),(250,0),(251,0),(252,0),(253,0),(254,0),(255,0),(256,0),(257,0),(258,0),(259,0),(260,0),(261,0),(262,0),(263,0),(264,0),(265,0),(266,0),(233,0),(231,0),(232,0),(233,0),(234,0),(235,0),(236,0),(237,0),(238,0),(239,0),(240,0),(241,0),(242,0),(243,0),(244,0),(245,0),(246,0),(247,0),(248,0),(249,0),(250,0),(251,0),(252,0),(253,0),(254,0),(255,0),(256,0),(257,0),(258,0),(259,0),(260,0),(261,0),(262,0),(263,0),(264,0),(265,0),(266,0),(234,0),(235,0),(236,0),(237,0),(238,0),(239,0),(236,0),(237,0),(238,0),(239,0),(240,0),(241,0),(242,0),(243,0),(244,0),(245,0),(246,0),(247,0),(248,0),(249,0),(250,0),(251,0),(252,0),(253,0),(254,0),(255,0),(256,0),(257,0),(258,0),(259,0),(260,0),(261,0),(262,0),(263,0),(264,0),(265,0),(266,0),(240,0),(241,0),(242,0),(243,0),(244,0),(245,0),(246,0),(247,0),(248,0),(249,0),(250,0),(251,0),(252,0),(253,0),(254,0),(255,0),(256,0),(257,0),(258,0),(259,0),(260,0),(261,0),(262,0),(263,0),(264,0),(265,0),(266,0),(230,53),(231,0),(232,0),(233,0),(234,0),(235,0),(236,0),(237,0),(238,0),(239,0),(240,0),(241,0),(242,0),(243,0),(244,0),(245,0),(246,0),(247,0),(248,0),(249,0),(250,0),(251,0),(252,0),(253,0),(254,0),(255,0),(256,0),(257,0),(258,0),(259,0),(260,0),(261,0),(262,0),(263,0),(264,0),(265,0),(266,0),(231,0),(232,0),(233,0),(234,0),(235,0),(236,0),(237,0),(238,0),(239,0),(240,0),(241,0),(242,0),(243,0),(244,0),(245,0),(246,0),(247,0),(248,0),(249,0),(250,0),(251,0),(252,0),(253,0),(254,0),(255,0),(256,0),(257,0),(258,0),(259,0),(260,0),(261,0),(262,0),(263,0),(264,0),(265,0),(266,0),(232,0),(233,0),(234,0),(235,0),(236,0),(237,0),(238,0),(239,0),(240,0),(241,0),(242,0),(243,0),(244,0),(245,0),(246,0),(247,0),(248,0),(249,0),(250,0),(251,0),(252,0),(253,0),(254,0),(255,0),(256,0),(257,0),(258,0),(259,0),(260,0),(261,0),(262,0),(263,0),(264,0),(265,0),(266,0),(230,299),(231,300),(232,0),(233,0),(234,0),(235,0),(236,0),(237,0),(238,0),(239,0),(240,0),(241,0),(242,0),(243,0),(244,0),(245,0),(246,0),(247,0),(248,0),(249,0),(250,0),(251,0),(252,0),(253,0),(254,0),(255,0),(256,0),(257,0),(258,0),(259,0),(260,0),(261,0),(262,0),(263,0),(264,0),(265,0),(266,0),(237,0),(238,0),(239,0),(240,0),(241,0),(242,0),(243,0),(244,0),(245,0),(246,0),(247,0),(248,0),(249,0),(250,0),(251,0),(252,0),(253,0),(254,0),(255,0),(256,0),(257,0),(258,0),(259,0),(260,0),(261,0),(262,0),(263,0),(264,0),(265,0),(266,0),(233,301),(234,0),(235,0),(233,0),(234,0),(235,0),(236,0),(237,0),(238,0),(239,0),(240,0),(241,0),(242,0),(243,0),(244,0),(245,0),(246,0),(247,0),(248,0),(249,0),(250,0),(251,0),(252,0),(253,0),(254,0),(255,0),(256,0),(257,0),(258,0),(259,0),(260,0),(261,0),(262,0),(263,0),(264,0),(265,0),(266,0),(236,0),(237,0),(238,0),(239,0),(240,0),(241,0),(242,0),(243,0),(244,0),(245,0),(246,0),(247,0),(248,0),(249,0),(250,0),(251,0),(252,0),(253,0),(254,0),(255,0),(256,0),(257,0),(258,0),(259,0),(260,0),(261,0),(262,0),(263,0),(264,0),(265,0),(266,0),(224,791),(231,0),(232,0),(233,0),(234,0),(235,0),(236,0),(237,0),(238,0),(239,0),(240,0),(241,0),(242,0),(243,0),(244,0),(245,0),(246,0),(247,0),(248,0),(249,0),(250,0),(251,0),(252,0),(253,0),(254,0),(255,0),(256,0),(257,0),(258,0),(259,0),(260,0),(261,0),(262,0),(263,0),(264,0),(265,0),(266,0),(225,792),(226,793),(227,794),(202,0),(228,795),(229,796),(332,0),(198,85),(199,0),(200,0),(201,0),(203,0),(204,0),(205,0),(206,0),(207,0),(208,0),(209,0),(210,0),(211,0),(212,0),(213,0),(214,0),(215,797),(216,0),(217,0),(218,0),(223,790),(222,789),(221,788),(220,787),(77,60),(217,785),(216,784),(215,783),(214,782),(213,781),(202,0),(212,780),(211,779),(210,778),(209,777),(230,345),(231,346),(232,347),(233,348),(234,349),(235,350),(236,351),(237,352),(238,353),(239,354),(240,355),(241,356),(242,357),(243,358),(244,359),(245,360),(246,361),(247,362),(248,363),(249,364),(250,365),(251,366),(252,0),(253,367),(254,368),(255,369),(256,370),(257,371),(258,372),(259,373),(260,374),(261,375),(262,376),(263,377),(264,378),(265,379),(266,380),(198,62),(199,0),(200,0),(201,0),(202,0),(203,0),(204,0),(205,0),(206,0),(207,0),(208,0),(209,0),(210,0),(211,0),(212,0),(213,0),(214,0),(137,601),(216,0),(217,0),(218,0),(219,0),(136,600),(135,599),(134,598),(223,0),(133,597),(132,596),(226,0),(131,595),(228,0),(229,0),(207,775),(206,774),(205,773),(204,772),(203,771),(97,0),(98,0),(218,786),(100,0),(101,0),(102,0),(103,0),(208,776),(201,770),(200,769),(199,768),(148,741),(219,0),(147,740),(146,739),(145,738),(144,737),(143,736),(142,735),(141,734),(140,733),(139,732),(138,731),(230,431),(231,432),(232,433),(233,434),(234,435),(235,436),(236,437),(237,438),(238,439),(239,440),(240,441),(241,442),(242,443),(243,444),(244,445),(245,446),(246,447),(247,448),(248,449),(249,450),(250,451),(251,452),(252,0),(253,453),(254,454),(255,455),(256,456),(257,457),(258,458),(259,459),(260,460),(261,461),(262,462),(263,463),(264,464),(265,465),(266,466),(230,467),(231,468),(232,469),(233,470),(234,471),(235,472),(236,473),(237,474),(238,475),(239,476),(240,477),(241,478),(242,479),(243,480),(244,481),(245,482),(246,483),(247,484),(248,485),(249,486),(250,487),(251,488),(252,0),(253,489),(254,490),(255,491),(256,492),(257,493),(258,494),(259,495),(260,496),(261,497),(262,498),(263,499),(264,500),(265,501),(266,502),(267,68),(268,503),(269,504),(270,0),(271,505),(272,506),(273,0),(274,507),(275,508),(276,509),(277,0),(278,0),(279,510),(280,0),(281,0),(282,0),(283,0),(284,0),(285,511),(286,0),(287,512),(288,0),(289,513),(290,514),(291,515),(292,516),(293,0),(294,517),(295,518),(296,0),(297,519),(298,0),(299,0),(300,520),(198,521),(199,522),(200,523),(201,524),(202,0),(203,525),(204,526),(205,527),(206,528),(207,529),(208,530),(209,531),(210,532),(211,533),(212,534),(213,535),(214,536),(215,537),(216,538),(217,539),(218,540),(219,0),(220,541),(221,542),(222,543),(223,544),(224,545),(225,546),(226,547),(227,548),(228,549),(229,550),(267,70),(268,0),(269,551),(270,0),(271,552),(272,0),(273,0),(274,0),(275,0),(276,0),(277,0),(278,0),(279,0),(280,0),(281,0),(282,0),(283,0),(284,0),(285,0),(286,0),(287,0),(288,0),(289,0),(290,0),(291,0),(292,0),(293,0),(294,0),(295,0),(296,0),(297,0),(298,0),(299,0),(300,0),(199,634),(198,633),(114,632),(113,631),(202,0),(111,630),(110,629),(109,628),(108,627),(107,626),(106,625),(105,0),(104,624),(148,0),(147,0),(146,0),(135,0),(144,0),(143,0),(134,0),(141,0),(219,0),(140,0),(139,0),(138,0),(137,0),(136,0),(135,0),(134,0),(133,0),(53,700),(52,699),(198,74),(148,612),(147,611),(146,610),(145,609),(144,608),(143,607),(142,606),(141,605),(140,604),(139,603),(138,602),(199,0),(200,0),(201,0),(202,0),(203,0),(204,0),(205,0),(206,0),(207,0),(208,0),(209,0),(210,0),(211,0),(212,0),(213,0),(214,0),(137,730),(216,0),(217,0),(218,0),(219,0),(136,729),(135,728),(134,727),(223,0),(133,726),(132,725),(226,0),(131,724),(228,0),(229,0),(200,635),(201,636),(202,0),(203,637),(204,638),(205,639),(206,640),(207,641),(208,642),(209,643),(210,644),(211,645),(212,646),(213,647),(214,648),(215,649),(216,650),(217,651),(218,652),(219,0),(220,653),(221,654),(222,655),(223,656),(224,657),(225,658),(226,659),(227,660),(228,661),(229,662),(252,698),(136,0),(137,0),(138,0),(139,0),(140,0),(141,0),(142,0),(143,0),(144,0),(145,0),(146,0),(147,0),(148,0),(221,799),(222,800),(220,798),(134,0),(135,0),(136,0),(137,0),(138,0),(139,0),(140,0),(141,0),(142,0),(143,0),(144,0),(145,0),(146,0),(147,0),(148,0),(198,767),(130,766),(129,765),(128,764),(203,0),(127,763),(126,762),(125,761),(124,760),(123,759),(122,758),(121,757),(120,756),(119,755),(118,754),(117,753),(116,752),(112,0),(115,751),(114,750),(113,749),(221,0),(111,748),(110,747),(109,746),(108,745),(107,744),(106,743),(105,0),(104,742),(54,701),(55,702),(56,703),(57,704),(58,705),(59,706),(60,707),(61,708),(62,709),(63,710),(64,711),(65,712),(66,713),(67,714),(68,715),(69,0),(70,716),(71,717),(72,718),(73,0),(74,719),(75,720),(76,721),(332,722),(332,723),(223,0),(224,801),(225,802),(226,0),(227,803),(228,0),(229,0),(332,0),(25,804),(26,0),(27,0),(28,0),(29,0),(30,805),(31,0),(32,0),(33,0),(34,0),(35,806),(36,0),(37,0),(38,0),(39,0),(40,0),(41,807),(42,0),(43,0),(44,808),(45,809),(46,0),(47,810),(49,811),(48,812),(50,0),(51,0),(25,87),(26,813),(27,0),(28,0),(29,814),(30,0),(31,0),(32,0),(33,0),(34,815),(35,816),(36,817),(37,818),(38,0),(39,819),(40,0),(41,0),(42,820),(43,0),(44,821),(45,0),(46,0),(47,822),(49,0),(48,0),(50,0),(51,0),(26,823),(27,824),(25,825),(308,826),(309,827),(310,828),(311,829),(313,830),(316,831),(315,832),(314,833),(317,834),(319,835),(318,836),(320,837),(321,838),(322,839),(323,840),(324,841),(325,842),(326,0),(327,843),(328,844),(329,845),(330,846),(230,847),(231,0),(232,0),(233,0),(234,848),(235,849),(236,850),(237,0),(238,851),(239,852),(240,853),(241,0),(242,854),(243,0),(244,855),(245,856),(246,857),(247,0),(248,0),(249,0),(250,858),(251,859),(252,860),(253,861),(254,862),(255,863),(256,864),(257,865),(258,0),(259,866),(260,867),(261,868),(262,869),(263,0),(264,0),(265,870),(266,0),(167,90),(168,871),(169,872),(170,873),(171,0),(172,874),(173,875),(174,876),(175,0),(176,877),(177,878),(178,879),(179,880),(180,881),(181,882),(182,883),(183,884),(184,885),(185,886),(186,887),(187,888),(188,889),(189,890),(190,891),(191,892),(192,893),(193,894),(194,0),(195,895),(196,896),(197,897),(171,0),(171,898);
UNLOCK TABLES;
/*!40000 ALTER TABLE `OBTIENT` ENABLE KEYS */;

--
-- Table structure for table `PROFESSEUR`
--

DROP TABLE IF EXISTS `PROFESSEUR`;
CREATE TABLE `PROFESSEUR` (
  `id_professeur` int(2) NOT NULL auto_increment,
  `nom_professeur` varchar(20) character set utf8 collate utf8_bin NOT NULL default '',
  `prenom_professeur` varchar(20) character set utf8 NOT NULL default '',
  `mdp` varchar(8) character set utf8 NOT NULL default '',
  `adr_mail` varchar(30) character set utf8 default NULL,
  PRIMARY KEY  (`id_professeur`),
  FULLTEXT KEY `prenom_professeur` (`prenom_professeur`)
) ENGINE=MyISAM DEFAULT CHARSET=latin1;

--
-- Dumping data for table `PROFESSEUR`
--


/*!40000 ALTER TABLE `PROFESSEUR` DISABLE KEYS */;
LOCK TABLES `PROFESSEUR` WRITE;
INSERT INTO `PROFESSEUR` VALUES (5,'BLANDA','Patrick','pblanda',NULL),(6,'MONDOLONI','Michel','mmondolo',NULL),(7,'GBAGUIDI','Ambroise','agbaguid',NULL),(8,'DIENG','Sada','sdieng',NULL),(10,'LAGIER','Patrice','plagier','patsygab@arc.sn'),(112,'DIALLO','Veronique','vdiallo',NULL),(12,'ANDRIANOMEARISOA','Toussaint','tandrian',NULL),(113,'WAECHTER','Sylvie','swaechte',NULL),(16,'VULLIERME','Pierre','pvullier','vullierme@hotmail.com'),(17,'BERNARD','Marie Claire','mbernard',NULL),(18,'FOUCHER','Christophe','cfoucher','foucher_chrstop@yahoo.fr'),(19,'DIOUF','Mame Cheikh','mdiouf',NULL),(20,'MENRATH','Maryline','mmenrath',NULL),(21,'UTHEZA','Philippe','putheza',NULL),(22,'PAFADNAM','Christine','cpafadna',NULL),(23,'NDOUR','Pierre','pndour',NULL),(24,'SANTOS','Laurent','lsantos',NULL),(25,'LARDY','Francoise','flardy',NULL),(26,'NDIAYE','Assane','andiaye',NULL),(27,'NDIAYE','Aissatou','andiaye',NULL),(28,'AUDINOS','Dominique','daudinos',NULL),(29,'PONS','Michel','mpons',NULL),(31,'MOUVY','Pascal','pmouvy',NULL),(32,'ESTRADE','Stephane','sestrade',NULL),(36,'SCHALCK','Baptiste','bschalck',NULL),(64,'SOW','Madeleine','msow',NULL),(110,'FALL','Mactar','mfall',NULL),(67,'SAMBOU','Henri Philippe','hsambou',NULL),(68,'BADJI','Ibrahima','ibadji',NULL),(69,'COLY','Philemon','pcoly',NULL),(70,'SAGNA','Gabriel','gsagna',NULL),(71,'SYLVA','Valdemar','vsylva',NULL),(72,'TEBECHIRANI','Valerie','valerie',NULL),(73,'ROUX','Florence','froux',NULL),(74,'KARTMANN','Liza','lkartman',NULL),(75,'DIARA','Mariline','mdiara',NULL),(76,'RAHAL','Antoinette','arahal',NULL),(77,'SILVA','Alain','asilva',NULL),(78,'FAYE','Georges','gfaye',NULL),(79,'GBAGUIDI','Rachel','rgbaguid',NULL),(80,'CISSE','Irene','icisse',NULL),(81,'BASSE','Aboubacar','abasse',NULL),(82,'DIOKHANE','Dame','ddiokhan',NULL),(83,'NDIONE','Josephine','jndione',NULL),(84,'NDIAYE','Aissatou','andiaye',NULL),(85,'DE LOUSTAL','Thierry','tde lous',NULL),(86,'CABANE','Romain','rcabane',NULL),(87,'SARR','Francois','fsarr',NULL),(88,'WANE','Ahmadou Tidiane','awane',NULL),(89,'DACOSTA','Suzanne','sdacosta',NULL),(90,'SORBADERE','Pierre','psorbade',NULL),(91,'DERWICHE','Rina','rderwich',NULL),(109,'JEANNETTE','soeur','sjeannet',NULL),(93,'BECHARA','Evelyne','ebechara',NULL),(94,'SALEH','Najat','nsaleh',NULL),(95,'SY','Jacqueline','jsy',NULL),(96,'BIAGUI','Adolphe','abiagui',NULL),(97,'GROUAS','Valerie','vgrouas',NULL),(98,'MAERTENS','Philippe','pmaerten',NULL),(99,'NDIONE','Pierre-Claver','pndione',NULL),(100,'BRUNO','Frere','fbruno',NULL),(103,'NDOUR','Birame','bndour',NULL),(111,'FAYE','Florence','ffaye',NULL),(114,'GBAGUIDI','Maurice','mgbaguid',NULL),(115,'JAROUSSE','Anne','ajarouss',NULL);
UNLOCK TABLES;
/*!40000 ALTER TABLE `PROFESSEUR` ENABLE KEYS */;

--
-- Table structure for table `TRIMESTRE`
--

DROP TABLE IF EXISTS `TRIMESTRE`;
CREATE TABLE `TRIMESTRE` (
  `id_eleve` int(2) NOT NULL default '0',
  `id_moyenne` int(2) NOT NULL default '0',
  `id_matiere` int(2) NOT NULL default '0',
  `TRIMESTRE` int(2) NOT NULL default '0',
  PRIMARY KEY  (`id_eleve`,`id_moyenne`,`id_matiere`),
  KEY `fkELEVE` (`id_eleve`),
  KEY `fkMOYENNE` (`id_moyenne`),
  KEY `fkMATIERE` (`id_matiere`)
) ENGINE=MyISAM DEFAULT CHARSET=latin1 PACK_KEYS=0 DELAY_KEY_WRITE=1;

--
-- Dumping data for table `TRIMESTRE`
--


/*!40000 ALTER TABLE `TRIMESTRE` DISABLE KEYS */;
LOCK TABLES `TRIMESTRE` WRITE;
UNLOCK TABLES;
/*!40000 ALTER TABLE `TRIMESTRE` ENABLE KEYS */;

/*!40101 SET SQL_MODE=@OLD_SQL_MODE */;
/*!40014 SET FOREIGN_KEY_CHECKS=@OLD_FOREIGN_KEY_CHECKS */;
/*!40014 SET UNIQUE_CHECKS=@OLD_UNIQUE_CHECKS */;
/*!40101 SET CHARACTER_SET_CLIENT=@OLD_CHARACTER_SET_CLIENT */;
/*!40101 SET CHARACTER_SET_RESULTS=@OLD_CHARACTER_SET_RESULTS */;
/*!40101 SET COLLATION_CONNECTION=@OLD_COLLATION_CONNECTION */;
/*!40111 SET SQL_NOTES=@OLD_SQL_NOTES */;

